Genre,Number of Reviews,Rating,Size,Version,Min Price,Max Price,Age,Month,Day,Year,Min Downloads,Minimum Android Version,Interactive Element Score
Lifestyle,62276,4.0,31.0,5.0,0.0,0.0,3,5,26,2020,50000000,4.4,0
Education,3574,3.9,6.4,8.0,0.0,0.0,3,6,14,2020,500000,4.0,0
Social,14853,4.0,19.0,7.0,599.99,1350.0,18,8,19,2017,1000000,2.3,1
Education,128463,3.8,36.0,1.0,0.0,0.0,3,10,3,2016,50000000,4.0,0
Education,418,3.8,-1.0,-1.0,0.0,0.0,3,2,13,2020,50000,4.0,0
Business,568,4.4,30.0,1.0,0.0,0.0,3,4,17,2018,100000,4.0,1
Video Players & Editors,493812,4.3,9.4,1.0,650.0,1650.0,3,5,25,2020,100000000,5.1,0
Social,2327586,4.0,40.0,3.0,79.0,7900.0,12,6,24,2020,100000000,4.1,1
Social,55979,3.9,11.0,1.0,0.0,0.0,12,6,24,2020,10000000,4.1,5
Medical,3012,4.0,49.0,5.0,0.0,0.0,3,5,20,2020,100000,4.4,0
Video Players & Editors,404906,4.2,49.0,1.0,85.0,4550.0,7,6,22,2020,10000000,4.4,3
Business,35,4.2,4.8,1.0,0.0,0.0,3,3,12,2020,1000,4.1,0
Entertainment,84,3.8,3.3,1.0,0.0,0.0,18,8,27,2019,10000,2.1,1
Lifestyle,6,4.3,5.2,1.0,0.0,0.0,3,9,10,2019,5000,4.0.3,0
Lifestyle,156,2.6,45.0,5.0,0.0,0.0,3,6,9,2020,10000,4.1,0
Arcade,994917,4.3,37.0,3.0,52.98,7100.0,12,9,24,2019,100000000,4.1,4
Adventure,23582,4.2,48.0,2.0,80.0,7100.0,12,6,25,2020,5000000,4.1,3
Arcade,928413,4.3,-1.0,4.0,57.31,7100.0,12,9,30,2019,100000000,4.1,3
Music & Audio,6417,4.7,25.0,2.0,0.0,0.0,16,6,23,2020,500000,5.0,0
Education,131,5.0,6.0,1.0,0.0,0.0,3,12,24,2019,1000,4.3,0
Communication,17,4.4,-1.0,5.0,0.0,0.0,3,12,19,2019,1000,4.1,5
Arcade,13,3.5,32.0,1.0,0.0,0.0,3,3,18,2020,1000,4.1,0
Casual,908866,4.1,25.0,11.0,34.99,8300.0,3,6,25,2020,100000000,4.1,2
Education,30165,4.5,-1.0,-1.0,490.0,11700.0,3,3,27,2020,1000000,-1,1
Tools,290,2.4,8.2,1.0,0.0,0.0,3,3,16,2019,10000,4.4,0
Travel & Local,1284,4.7,15.0,3.0,0.0,0.0,3,5,20,2020,10000,4.4,2
Tools,711,3.4,16.0,1.0,75.0,1950.0,3,6,6,2020,100000,4.1,3
Shopping,1763091,3.7,22.0,6.0,0.0,0.0,3,5,29,2020,100000000,4.4,0
Entertainment,80,4.3,2.5,2.0,0.0,0.0,3,5,13,2020,50000,4.1,0
Productivity,2028336,4.2,-1.0,12.0,10.0,26000.0,3,6,24,2020,100000000,5.0,4
Productivity,185417,4.2,65.0,12.0,29.99,6800.0,3,5,23,2020,50000000,5.0,0
Tools,2761277,4.0,-1.0,-1.0,0.0,0.0,3,6,15,2020,100000000,-1,0
Education,522,4.4,30.0,1.0,0.0,0.0,3,6,25,2020,10000,4.2,1
Education,665766,4.6,7.7,5.0,0.0,0.0,3,6,22,2020,10000000,5.0,1
Education,516,4.5,30.0,1.0,0.0,0.0,3,5,28,2020,5000,4.2,1
Education,23,4.8,29.0,1.0,0.0,0.0,3,6,25,2020,100,4.2,1
Shopping,32,3.9,16.0,1.0,0.0,0.0,3,5,26,2020,10000,5.0,0
Tools,112926,4.0,3.9,3.0,160.0,160.0,3,12,5,2017,5000000,2.3,2
Education,72,4.5,5.4,3.0,0.0,0.0,3,10,22,2018,10000,5.0,0
Personalization,23,4.4,3.4,2.0,0.0,0.0,3,12,30,2019,5000,4.1,0
Art & Design,46,3.8,3.5,1.0,0.0,0.0,3,1,4,2020,10000,4.1,0
Personalization,54,4.3,3.5,3.0,0.0,0.0,3,1,1,2020,10000,4.1,0
Art & Design,78,4.1,3.5,2.0,0.0,0.0,3,12,30,2019,10000,4.1,0
Education,880730,4.6,-1.0,-1.0,10.0,21600.0,3,6,26,2020,10000000,-1,2
Arcade,2030774,4.4,53.0,1.0,120.0,120.0,3,6,26,2020,100000000,4.1,0
Arcade,9114,4.0,53.0,1.0,110.0,320.0,12,4,25,2020,1000000,4.4,3
Arcade,2171,4.3,90.0,1.0,240.0,340.0,7,6,13,2020,100000,4.4,3
Action,10,2.1,36.0,2.0,70.0,2150.0,7,12,22,2019,1000,5.0,0
Education,773,2.5,20.0,3.0,0.0,0.0,3,6,17,2020,10000,6.0,0
Puzzle,25873,4.6,94.0,1.0,19.0,19999.0,3,4,3,2019,1000000,4.1,2
Simulation,27477,4.1,40.0,1.0,0.0,0.0,3,8,4,2016,5000000,2.3.3,0
Simulation,12283,4.0,80.0,2.0,0.0,0.0,3,11,16,2016,1000000,2.3.3,0
Simulation,5206,4.1,89.0,1.0,75.0,6400.0,16,3,25,2020,1000000,4.1,4
Simulation,33367,4.2,84.0,1.0,80.0,13100.0,3,4,8,2020,5000000,4.1,2
Simulation,76300,4.1,37.0,1.0,0.0,0.0,3,7,12,2016,10000000,2.3.3,0
Simulation,2512,3.7,87.0,1.0,70.0,7400.0,3,10,6,2017,500000,2.3,2
Simulation,7787,3.9,59.0,1.0,65.0,11800.0,3,1,22,2020,1000000,4.1,2
Simulation,7414,4.0,96.0,1.0,65.0,9800.0,3,7,14,2017,1000000,2.3,2
Books & Reference,82,4.6,2.1,5.0,0.0,0.0,3,3,13,2018,5000,4.0.3,0
Education,2587,4.4,54.0,1.0,150.0,150.0,3,6,12,2020,1000000,4.2,0
Simulation,2797,3.8,54.0,1.0,0.0,0.0,3,12,17,2019,500000,4.1,0
Music & Audio,1025896,4.8,-1.0,-1.0,25.0,69.0,12,6,18,2020,10000000,-1,4
Casual,144667,4.0,79.0,1.0,320.0,320.0,3,1,31,2020,10000000,5.0,3
Lifestyle,81,4.5,3.6,1.0,0.0,0.0,3,10,28,2019,100000,4.1,1
Video Players & Editors,14830,4.5,19.0,9.0,0.0,0.0,3,5,29,2020,1000000,4.0,0
Art & Design,10,3.9,8.0,1.0,0.0,0.0,3,6,22,2020,10000,5.0,0
Communication,21535519,3.9,-1.0,-1.0,0.0,0.0,12,6,24,2020,500000000,4.0,5
Entertainment,492,4.4,4.5,7.0,0.0,0.0,3,6,20,2020,100000,4.2,0
Business,225,3.6,74.0,1.0,0.0,0.0,3,6,10,2020,10000,4.4,0
Photography,678126,4.4,-1.0,5.0,170.0,4950.0,3,6,15,2020,100000000,5.0,3
Productivity,3845199,4.6,218.0,20.0,119.59,6043.9,3,6,25,2020,500000000,5.0,2
Entertainment,357954,4.2,-1.0,-1.0,0.0,0.0,3,3,16,2020,10000000,-1,2
Tools,50084,4.1,-1.0,3.0,220.0,24900.0,12,6,23,2020,10000000,4.4,0
Racing,3033286,4.2,53.0,-1.0,50.0,7500.0,3,6,8,2020,100000000,4.1,2
News & Magazines,210413,4.1,6.1,7.0,0.0,0.0,3,6,26,2020,10000000,5.0,1
Health & Fitness,31,2.9,56.0,1.0,0.0,0.0,3,6,4,2020,1000,4.4,0
Tools,176445,4.5,117.0,2.0,70.0,2499.0,3,6,22,2020,10000000,5.0,5
Communication,12537,4.2,12.0,1.0,0.0,0.0,3,3,12,2020,1000000,5.0,5
Entertainment,180,1.6,40.0,5.0,0.0,0.0,12,6,26,2020,10000000,5.0,2
Business,2772,4.0,25.0,2.0,0.0,0.0,3,4,12,2020,500000,7.0,0
Entertainment,1759857,4.3,-1.0,-1.0,65.0,1000.0,12,6,26,2020,100000000,-1,2
Personalization,22936,4.1,44.0,4.0,0.0,0.0,3,6,10,2020,5000000,4.1,0
Personalization,4373,4.1,44.0,4.0,0.0,0.0,16,5,13,2020,1000000,4.1,0
Personalization,1026,4.1,43.0,4.0,0.0,0.0,16,6,8,2020,100000,4.1,0
Business,22,4.6,20.0,2.0,0.0,0.0,3,2,9,2020,1000,4.4,0
Communication,21976282,4.3,-1.0,-1.0,0.0,0.0,3,6,17,2020,5000000000,-1,5
Education,45,4.6,5.2,2.0,75.0,75.0,3,5,7,2020,5000,4.1,0
Personalization,63453,4.2,2.3,1.0,0.0,0.0,12,9,21,2015,10000000,2.3,0
Social,267,4.9,18.0,4.0,0.0,0.0,3,5,29,2020,10000,4.1,1
Entertainment,56,4.8,15.0,3.0,0.0,0.0,16,6,17,2020,5000,4.1,0
Racing,5716604,4.2,13.0,1.0,122.45,614.53,12,5,31,2020,100000000,4.1,3
Racing,630254,4.2,22.0,1.0,120.0,6700.0,12,5,28,2020,50000000,4.1,3
Personalization,93091,4.1,25.0,1.0,249.0,249.0,3,8,13,2019,10000000,4.1,0
Business,5015,4.2,6.6,4.0,0.0,0.0,3,12,25,2019,500000,4.2,0
Education,137,4.3,5.4,1.0,0.0,0.0,3,6,30,2019,10000,4.4,0
Food & Drink,4316,3.6,8.4,1.0,0.0,0.0,3,6,27,2020,100000,4.4,0
News & Magazines,1102,3.9,14.0,2.0,0.0,0.0,3,3,5,2019,50000,4.0.3,1
Sports,93306,3.9,16.0,9.0,10.0,299.0,3,6,2,2020,10000000,4.0,2
Health & Fitness,26,2.0,14.0,1.0,0.0,0.0,3,10,30,2019,1000,4.4,0
Entertainment,23,4.0,18.0,2.0,0.0,0.0,3,6,21,2020,10000,4.3,0
Education,566,4.5,5.8,3.0,0.0,0.0,3,12,4,2018,100000,4.0.3,0
Tools,2232324,3.8,10.0,6.0,0.0,0.0,3,6,13,2020,100000000,4.0,0
Casual,563055,4.1,-1.0,-1.0,10.0,14000.0,3,6,26,2020,50000000,-1,0
Music & Audio,5,4.8,7.7,3.0,0.0,0.0,3,6,15,2020,1000,5.0,0
Books & Reference,164603,4.2,12.0,4.0,60.0,130.0,3,12,26,2017,10000000,2.3,3
Education,867,4.3,18.0,12.0,0.0,0.0,3,5,25,2020,10000,5.0,3
Social,565866,4.3,30.0,1.0,71.0,11600.0,18,6,16,2020,10000000,4.3,8
Photography,329105,4.5,6.7,2.0,60.0,650.0,3,6,25,2020,10000000,4.1,4
House & Home,5,4.2,3.9,2.0,0.0,0.0,3,7,16,2018,500,4.1,0
Communication,1506346,4.0,-1.0,-1.0,75.0,26000.0,18,6,24,2020,100000000,-1,8
Strategy,230955,4.3,-1.0,1.0,10.0,7900.0,7,2,26,2018,10000000,4.0.3,3
Entertainment,268825,3.0,-1.0,-1.0,10.0,850.0,12,4,20,2020,10000000,-1,3
Adventure,1254,4.4,-1.0,1.0,85.0,1250.0,12,4,4,2020,100000,4.1,0
Action,947045,4.6,-1.0,4.0,79.0,3999.0,12,6,22,2020,10000000,4.4,3
Finance,298678,4.3,31.0,2.0,0.0,0.0,3,5,15,2020,10000000,4.3,0
Finance,223,3.9,7.3,1.0,0.0,0.0,3,1,4,2020,100000,4.3,0
Personalization,10313,4.0,24.0,7.0,0.0,0.0,12,7,26,2019,1000000,4.0,0
News & Magazines,61,3.5,37.0,3.0,45.0,2750.0,16,4,22,2020,1000,5.0,0
Tools,44070,4.3,12.0,3.0,55.0,790.0,3,5,9,2019,1000000,4.1,0
Arcade,39,3.8,15.0,2.0,0.0,0.0,3,10,25,2018,10000,4.4,0
Music & Audio,1225,4.2,5.2,1.0,0.0,0.0,3,6,1,2015,100000,2.2,0
Music & Audio,3858,4.3,4.3,1.0,0.0,0.0,3,2,27,2017,500000,4.0,0
Personalization,196,4.9,9.5,1.0,0.0,0.0,3,4,24,2020,1000,4.2,0
Lifestyle,3248,4.4,23.0,1.0,0.0,0.0,3,6,7,2020,100000,4.4,0
Tools,42,3.3,13.0,1.0,0.0,0.0,3,10,1,2019,5000,4.4,5
Role Playing,3451,3.8,-1.0,-1.0,800.0,15000.0,16,11,13,2018,500000,4.0.3,2
Puzzle,1390081,4.4,11.0,4.0,60.0,850.0,3,5,5,2020,100000000,4.1,2
Puzzle,479,4.2,48.0,1.0,0.0,0.0,3,6,10,2020,500000,4.1,3
Education,147,4.5,6.4,1.0,0.0,0.0,3,10,4,2015,10000,2.2,0
Communication,139628,3.8,-1.0,1.0,0.0,0.0,12,6,24,2020,50000000,4.1,4
Lifestyle,52,4.3,25.0,1.0,0.0,0.0,3,1,27,2020,1000,5.0,0
Tools,150,3.4,11.0,1.0,0.0,0.0,3,1,28,2020,10000,8.0,0
Social,159988,4.0,72.0,3.0,75.0,12400.0,18,6,23,2020,10000000,4.1,11
Business,24,3.9,47.0,1.0,0.0,0.0,3,3,14,2019,1000,4.0,0
Puzzle,399445,4.1,66.0,4.0,75.0,2750.0,3,5,15,2020,10000000,4.1,2
Music & Audio,1332825,4.5,19.0,3.0,10.0,500.0,3,6,22,2020,100000000,5.0,2
Business,7,3.1,3.4,1.0,0.0,0.0,3,6,14,2020,500,5.0,0
Education,1333279,4.5,30.0,6.0,0.0,0.0,3,6,18,2020,50000000,5.0,0
Lifestyle,59105,3.9,-1.0,-1.0,0.0,0.0,3,6,18,2020,1000000,-1,4
Education,71,4.8,3.1,3.0,0.0,0.0,3,6,21,2020,1000,4.1,0
Education,611,4.8,2.6,1.0,0.0,0.0,3,9,24,2015,10000,2.2,0
Photography,20557,4.4,27.0,8.0,350.0,2050.0,3,6,3,2020,1000000,4.3,0
Photography,6402,4.4,36.0,6.0,160.0,2050.0,3,6,20,2020,1000000,4.2,0
Photography,27425,4.1,6.7,1.0,0.0,0.0,3,1,4,2020,1000000,4.1,0
Photography,6363013,4.8,30.0,1.0,65.0,1950.0,12,6,8,2020,100000000,5.0,3
Art & Design,2843241,4.7,31.0,2.0,59.0,5700.0,3,6,25,2020,50000000,4.1,2
Lifestyle,8,3.8,26.0,3.0,0.0,0.0,3,6,5,2020,1000,4.4,0
News & Magazines,163149,4.4,-1.0,2.0,0.0,0.0,3,6,19,2020,10000000,4.1,0
Role Playing,178002,4.4,53.0,23.0,70.0,6800.0,12,6,25,2020,5000000,6.0,3
Productivity,1271,3.0,3.4,1.0,150.0,150.0,3,1,22,2019,100000,5.0,0
Personalization,4119,4.0,7.3,8.0,0.0,0.0,3,7,9,2019,100000,4.1,0
Tools,2834,3.7,4.8,1.0,0.0,0.0,3,2,17,2020,100000,5.0,0
Simulation,7776,4.2,98.0,3.0,80.0,16300.0,16,5,4,2020,100000,4.2,1
Communication,56,4.5,48.0,4.0,0.0,0.0,3,2,6,2019,1000,4.1,0
Entertainment,62,4.6,14.0,1.0,0.0,0.0,3,10,1,2019,5000,4.1,0
Finance,110,4.8,5.7,1.0,0.0,0.0,3,6,13,2019,1000,4.0,0
Productivity,296464,4.3,-1.0,84.0,0.0,0.0,3,6,24,2020,10000000,-1,12
Personalization,4153,4.1,10.0,1.0,0.0,0.0,3,3,5,2019,500000,5.0,0
Education,77,4.5,12.0,1.0,0.0,0.0,3,11,13,2019,10000,4.2,0
Role Playing,8266,4.2,57.0,2.0,70.0,8300.0,7,6,22,2020,100000,4.4,0
Tools,50,3.1,25.0,2.0,0.0,0.0,3,9,12,2019,5000,5.0,1
Personalization,944657,4.5,12.0,3.0,140.0,140.0,3,6,11,2020,10000000,4.1,0
Finance,1090,4.3,3.7,3.0,0.0,0.0,3,3,16,2020,100000,4.4,0
Music & Audio,4097,4.4,13.0,1.0,0.0,0.0,3,8,15,2018,100000,4.1,0
Role Playing,353182,4.2,48.0,1.0,70.0,700.0,12,5,8,2020,50000000,4.4,3
Education,86,4.1,2.5,4.0,0.0,0.0,3,2,9,2020,5000,4.0,0
Education,124,4.3,7.8,2.0,0.0,0.0,3,9,2,2019,10000,4.4,0
Education,39,4.5,5.0,1.0,0.0,0.0,3,2,22,2019,10000,4.2,0
Racing,1086468,4.3,83.0,5.0,28.0,2828.0,3,5,22,2020,100000000,4.1,2
Photography,4496153,4.4,71.0,7.0,30.0,3300.0,3,6,24,2020,100000000,4.4,3
Communication,203157,4.0,13.0,6.0,60.16,10300.0,3,6,15,2020,10000000,5.0,7
Shopping,9884104,4.3,22.0,4.0,0.0,0.0,12,6,24,2020,100000000,4.4,1
Personalization,886,4.0,9.8,2.0,0.0,0.0,3,12,30,2019,50000,4.3,0
Education,5915,4.5,7.3,2.0,0.0,0.0,3,12,30,2018,100000,4.1,1
Tools,332305,4.4,1.4,1.0,105.94,105.94,3,10,25,2019,50000000,2.2,0
Education,59,4.4,5.8,1.0,0.0,0.0,3,10,4,2019,5000,4.2,0
Simulation,1324,3.4,57.0,1.0,0.0,0.0,3,8,6,2018,500000,4.0,0
Finance,2126933,4.4,-1.0,-1.0,0.0,0.0,3,6,18,2020,10000000,-1,0
Personalization,1920,3.5,64.0,1.0,0.0,0.0,3,6,16,2020,100000,5.0,1
Medical,23,4.9,3.7,1.0,0.0,0.0,3,5,31,2020,500,5.0,5
Communication,7076,4.2,-1.0,-1.0,420.0,2950.0,3,6,22,2020,500000,-1,11
Video Players & Editors,1263908,4.5,59.0,6.0,65.0,3250.0,3,6,24,2020,50000000,4.4,2
Photography,3853245,4.6,-1.0,-1.0,65.0,6700.0,3,6,9,2020,100000000,-1,9
Photography,1903781,4.5,-1.0,-1.0,65.0,6500.0,3,6,18,2020,100000000,-1,14
Productivity,7468,4.6,21.0,2.0,123.92,123.92,3,5,25,2018,500000,4.4,2
Action,261957,3.4,88.0,2.0,52.94,521.48,12,6,8,2020,10000000,4.1,3
Arcade,31530,4.0,20.0,1.0,0.0,0.0,12,3,1,2017,1000000,2.3,0
Entertainment,863948,4.3,-1.0,-1.0,0.0,0.0,12,6,22,2020,50000000,5.0,1
Health & Fitness,110700,4.7,-1.0,-1.0,50.0,26000.0,3,6,22,2020,5000000,-1,2
Education,11786,4.7,9.3,25.0,750.0,5000.0,3,6,10,2020,500000,4.4,0
Arcade,108859,4.1,3.3,1.0,0.0,0.0,3,4,3,2020,10000000,4.1,0
Tools,357610,3.9,2.3,1.0,0.0,0.0,3,11,10,2019,100000000,4.0,0
Books & Reference,78543,4.4,11.0,2.0,58.94,2750.0,12,6,8,2020,1000000,4.1,3
Entertainment,25613,4.4,3.5,2.0,0.0,0.0,3,4,14,2020,5000000,4.1,0
Role Playing,53145,4.1,41.0,2.0,180.0,920.0,3,3,17,2020,5000000,5.0,3
Music & Audio,68,4.7,22.0,1.0,0.0,0.0,12,2,13,2020,1000,4.1,0
Tools,571015,4.5,14.0,5.0,65.0,65.0,12,6,5,2020,50000000,4.1,1
Education,135,4.2,6.5,1.0,0.0,0.0,3,6,9,2020,10000,4.0.3,0
Education,33,4.5,5.4,1.0,0.0,0.0,3,6,9,2020,5000,4.0.3,0
Productivity,129400,4.3,68.0,6.0,0.0,0.0,3,6,19,2020,10000000,5.0,4
Finance,14,3.1,12.0,1.0,0.0,0.0,3,6,2,2020,1000,5.0,0
Strategy,62501,4.2,73.0,1.0,85.0,8500.0,12,2,19,2019,5000000,4.1,3
Communication,1547293,4.7,68.0,26.0,0.0,0.0,12,6,18,2020,100000000,5.0,1
Entertainment,15005,4.5,7.2,1.0,99.0,299.0,16,5,30,2020,1000000,5.1,0
Art & Design,6,3.8,5.7,1.0,0.0,0.0,3,5,29,2020,1000,5.0,0
Productivity,7010,2.4,4.4,1.0,0.0,0.0,3,4,16,2020,1000000,4.3,0
Tools,494303,4.2,11.0,3.0,170.0,1000.0,3,6,12,2020,50000000,4.0,0
Productivity,188577,4.5,4.5,1.0,20.0,20.0,12,6,24,2020,50000000,4.1,4
Casual,141983,4.2,9.5,1.0,70.0,70.0,3,3,9,2020,10000000,4.1,0
Communication,324139,4.5,12.0,0.0,190.0,190.0,3,1,7,2020,10000000,5.0,0
Entertainment,158438,4.6,16.0,6.0,0.0,0.0,3,9,11,2019,10000000,4.4,0
Action,6682,4.3,52.0,1.0,170.0,8500.0,12,6,26,2019,100000,4.1,2
Productivity,2022472,4.2,102.0,194.0,599.0,990.0,3,6,23,2020,500000000,6.0,3
Action,53398929,4.1,42.0,1.0,10.0,9000.0,12,6,16,2020,500000000,4.0.3,4
Education,9450815,4.7,-1.0,-1.0,90.0,10560.0,3,6,23,2020,100000000,-1,1
Arcade,30634,4.2,57.0,1.0,0.0,0.0,12,6,8,2020,1000000,4.1,0
Lifestyle,978,4.6,25.0,4.0,80.0,1300.0,3,6,22,2020,50000,4.4,0
Business,18,3.9,-1.0,-1.0,0.0,0.0,12,2,29,2020,5000,-1,5
Education,7190,4.1,78.0,2.0,0.0,0.0,3,8,28,2018,500000,4.0.3,0
Business,16748,4.3,4.9,2.0,0.0,0.0,3,3,3,2020,1000000,4.1,0
Racing,6425203,4.4,43.0,8.0,79.0,7900.0,3,6,8,2020,100000000,4.1,2
Business,273,4.1,8.6,1.0,0.0,0.0,3,6,23,2017,100000,4.4,0
Education,1796,4.6,5.0,7.0,0.0,0.0,3,5,6,2019,50000,5.0,0
Social,287841,4.3,18.0,1.0,0.0,0.0,18,6,18,2020,10000000,5.0,1
Education,748,4.5,7.5,0.0,0.0,0.0,3,3,3,2020,10000,4.4,4
Education,731,3.9,8.8,3.0,0.0,0.0,3,6,19,2020,10000,4.4,0
Education,10,4.3,12.0,1.0,99.0,699.0,3,5,12,2020,1000,4.4W,3
Education,1370,3.8,10.0,2.0,0.0,0.0,3,6,18,2020,100000,4.4,4
Personalization,6,4.3,5.1,1.0,0.0,0.0,3,2,7,2020,1000,4.4,0
Role Playing,33968,4.4,81.0,1.0,85.0,8700.0,7,6,24,2020,1000000,4.4,1
Strategy,367031,3.9,78.0,2.0,320.0,6800.0,12,7,19,2019,5000000,4.1,3
Education,169,3.7,43.0,2.0,520.0,4350.0,3,6,20,2019,10000,4.1,0
Finance,345,4.4,14.0,1.0,0.0,0.0,3,6,13,2020,10000,5.0,0
Education,36,4.5,-1.0,-1.0,0.0,0.0,3,5,27,2020,10000,-1,0
Sports,602449,3.7,-1.0,-1.0,65.0,6700.0,3,6,25,2020,50000000,5.0,3
News & Magazines,1248705,4.2,-1.0,-1.0,0.0,0.0,12,5,30,2020,100000000,-1,1
Finance,75,3.5,21.0,2.0,0.0,0.0,3,5,26,2020,10000,4.4,3
Productivity,1561286,4.2,-1.0,-1.0,59.82,6200.0,3,6,11,2020,100000000,-1,3
Music & Audio,16,4.9,98.0,1.0,0.0,0.0,16,3,2,2020,1000,4.0.3,0
Communication,376699,4.5,26.0,2.0,10.0,8400.0,3,6,24,2020,10000000,4.1,0
Education,291,4.0,4.2,6.0,0.0,0.0,3,4,18,2018,50000,4.0,0
Social,100708752,4.2,-1.0,276.0,65.0,26000.0,12,6,25,2020,5000000000,-1,11
Social,14667249,4.2,-1.0,-1.0,0.0,0.0,12,6,23,2020,1000000000,-1,9
Communication,3729252,4.2,-1.0,93.0,0.0,0.0,3,6,25,2020,500000000,4.0,1
Communication,73158586,4.3,-1.0,-1.0,65.0,26000.0,3,6,22,2020,1000000000,-1,7
Maps & Navigation,189,4.0,2.5,1.0,0.0,0.0,3,11,4,2018,50000,4.0,0
Art & Design,473,4.6,5.6,1.0,800.0,800.0,3,12,4,2019,50000,4.1,0
Art & Design,5549,4.7,5.9,1.0,0.0,0.0,3,5,27,2019,100000,4.1,0
Social,13767,4.3,29.0,1.0,71.0,7000.0,18,6,25,2020,1000000,4.2,8
Entertainment,19582,4.2,64.0,1.0,0.0,0.0,12,6,5,2020,10000000,4.1,0
Business,39,4.1,30.0,2.0,0.0,0.0,3,6,22,2020,1000,4.2,5
Action,438049,4.0,96.0,2.0,85.0,8500.0,16,6,22,2020,50000000,4.4,3
Entertainment,46,3.6,98.0,0.0,0.0,0.0,3,8,27,2018,1000,8.0,0
Action,580,3.7,39.0,7.0,0.0,0.0,3,12,31,2019,100000,4.1,3
Racing,3817192,4.4,133.0,1.0,10.0,1600.0,3,6,25,2020,100000000,4.2,4
Travel & Local,1384,4.0,13.0,3.0,0.0,0.0,3,6,2,2020,100000,4.1,0
Shopping,12038817,4.5,32.0,7.0,0.0,0.0,12,6,13,2020,100000000,5.1,3
Business,17622,4.2,30.0,12.0,0.0,0.0,3,6,15,2020,1000000,5.0,0
Communication,34,4.6,9.3,1.0,0.0,0.0,3,6,15,2020,10000,4.1,0
Video Players & Editors,81498,4.5,32.0,4.0,0.0,0.0,3,6,16,2020,10000000,5.0,0
Food & Drink,8,4.1,11.0,4.0,0.0,0.0,3,6,24,2020,1000,4.4,0
Shopping,45,4.4,7.5,1.0,0.0,0.0,3,10,28,2019,1000,4.1,0
Lifestyle,1305,2.4,59.0,1.0,0.0,0.0,3,3,30,2020,100000,4.4,0
Entertainment,130,4.5,50.0,11.0,0.0,0.0,12,3,9,2020,5000,4.1,4
Business,165,4.5,4.7,1.0,0.0,0.0,3,4,12,2020,5000,4.4,0
Board,64455,4.0,16.0,2.0,0.0,0.0,3,5,17,2020,10000000,4.2,0
Finance,1145143,4.1,15.0,8.0,0.0,0.0,3,6,19,2020,10000000,4.4,2
Education,113758,4.7,-1.0,-1.0,10.0,26000.0,3,6,26,2020,5000000,-1,2
Tools,8907,4.5,24.0,3.0,0.0,0.0,3,6,12,2020,500000,5.0,0
Productivity,1424,4.0,7.1,1.0,0.0,0.0,3,5,21,2020,100000,4.2,0
Communication,91326,3.9,4.6,5.0,0.0,0.0,3,9,7,2018,5000000,4.0.3,1
Tools,23,4.4,14.0,5.0,2499.0,3850.0,3,5,28,2020,1000,6.0,0
Tools,3442,4.4,8.8,4.0,83.78,1700.0,3,2,19,2020,100000,4.0,0
Tools,14157,4.2,9.1,17.0,110.91,512.75,3,1,27,2020,500000,5.0,5
Tools,98,4.3,13.0,1.0,0.0,0.0,3,3,19,2020,10000,5.0,0
Photography,15697,4.2,18.0,5.0,0.0,0.0,3,6,22,2020,1000000,4.1,0
Lifestyle,1489256,4.2,60.0,25.0,50.0,12000.0,18,6,23,2020,50000000,5.0,3
Action,308287,4.0,37.0,11.0,75.68,1400.0,16,6,26,2020,50000000,4.1,3
Action,984027,4.2,82.0,5.0,80.0,8900.0,12,6,19,2020,50000000,4.1,3
Role Playing,2508998,4.3,76.0,2.0,131.25,4750.0,3,2,27,2020,100000000,4.1,2
Action,13147918,4.4,-1.0,-1.0,64.53,8700.0,18,6,16,2020,100000000,-1,2
Entertainment,113203,4.0,28.0,2.0,0.0,0.0,12,6,20,2020,10000000,4.4,1
Music & Audio,3195455,4.5,22.0,8.0,10.0,2442.32,12,6,18,2020,100000000,4.1,3
Personalization,17899,4.3,2.2,1.0,0.0,0.0,3,2,23,2019,1000000,4.1,0
Tools,7421,4.5,10.0,5.0,170.0,1800.0,3,6,17,2020,1000000,4.1,0
Simulation,2200374,4.4,117.0,12.0,60.0,12000.0,12,6,25,2020,10000000,5.0,3
Casino,200307,4.2,25.0,38.0,10.0,26000.0,12,3,3,2020,10000000,4.0.3,7
Music & Audio,922598,4.4,47.0,7.0,70.0,1150.0,3,6,1,2020,50000000,5.0,7
Music & Audio,3161,4.1,67.0,3.0,140.0,620.0,3,6,9,2020,1000000,6.0,3
Tools,1231579,4.5,6.4,2.0,0.0,0.0,3,6,4,2020,100000000,4.1,0
Music & Audio,169,1.8,15.0,3.0,0.0,0.0,3,12,7,2019,10000,4.4,0
Music,1190207,4.1,71.0,1.0,85.0,6300.0,3,6,15,2020,100000000,5.0,2
Medical,11,5.0,2.2,1.0,0.0,0.0,3,6,8,2017,5000,4.0.3,0
Music & Audio,844,4.1,4.8,1.0,200.0,200.0,12,8,8,2019,100000,5.0,3
Lifestyle,753,4.0,27.0,1.0,0.0,0.0,12,8,27,2019,50000,4.0.3,0
Racing,3670,4.0,21.0,0.0,0.0,0.0,3,3,20,2020,1000000,4.1,0
Racing,41465,3.9,28.0,0.0,0.0,0.0,3,4,21,2020,10000000,4.2,0
Action,1919527,4.0,14.0,3.0,269.0,7900.0,16,5,16,2014,10000000,2.1,2
Role Playing,537152,4.5,77.0,1.0,49.9,5500.0,12,5,13,2020,10000000,4.0.3,3
Tools,39,4.5,-1.0,-1.0,0.0,0.0,3,5,22,2020,1000,-1,1
Education,2191,3.7,30.0,0.0,60.0,650.0,3,6,25,2020,1000000,4.1,2
Education,72588,4.1,76.0,3.0,10.0,2250.0,3,6,25,2020,50000000,4.1,2
Tools,245848,4.5,6.3,1.0,0.0,0.0,3,12,7,2017,5000000,4.1,0
Tools,109036,4.1,-1.0,-1.0,0.0,0.0,3,6,27,2020,100000000,8.0,0
Productivity,5792696,4.3,-1.0,-1.0,65.0,69600.0,3,6,24,2020,5000000000,-1,3
Business,7675,3.5,12.0,2020.0,0.0,0.0,3,6,25,2020,1000000,5.0,1
Health & Fitness,370701,3.9,-1.0,-1.0,0.0,0.0,3,6,25,2020,50000000,-1,0
Productivity,234841,4.1,1.3,0.0,0.0,0.0,3,3,9,2018,50000000,5.0,0
Tools,544840,4.3,-1.0,-1.0,0.0,0.0,3,4,19,2018,100000000,-1,0
Travel & Local,80024,4.2,116.0,137.0,0.0,0.0,3,6,17,2020,100000000,4.4,4
Tools,374,1.8,-1.0,1.0,0.0,0.0,3,6,2,2020,10000000,5.0,0
Tools,2988334,4.6,11.0,1.0,0.0,0.0,3,6,25,2020,500000000,5.0,1
Finance,4653847,4.3,14.0,-1.0,0.0,0.0,3,6,18,2020,100000000,5.0,0
Photography,26442494,4.5,-1.0,-1.0,0.0,0.0,3,6,26,2020,1000000000,-1,0
Social,6232766,4.1,-1.0,11.0,0.0,0.0,12,5,19,2020,1000000000,5.0,5
Tools,375012,4.3,-1.0,-1.0,0.0,0.0,3,6,18,2020,100000000,-1,5
Communication,5864853,4.5,-1.0,-1.0,0.0,0.0,3,6,24,2020,1000000000,-1,1
Tools,7177042,4.5,-1.0,-1.0,0.0,0.0,3,6,5,2020,500000000,-1,0
Video Players & Editors,872476,4.3,-1.0,-1.0,0.0,0.0,12,6,11,2020,50000000,-1,1
Music & Video,1110595,4.3,-1.0,-1.0,0.0,0.0,3,6,25,2020,100000000,-1,1
Music & Audio,1268927,4.3,-1.0,-1.0,0.0,0.0,12,6,26,2020,100000000,-1,3
Tools,192735,4.4,2.6,7.0,0.0,0.0,3,10,7,2019,500000000,6.0,0
Tools,292406,4.2,-1.0,-1.0,0.0,0.0,3,6,9,2020,500000000,-1,0
Communication,7366301,4.4,-1.0,-1.0,0.0,0.0,3,6,22,2020,5000000000,-1,1
Communication,34134,4.4,9.9,8.0,0.0,0.0,3,6,6,2018,100000000,0,1
Tools,15290540,4.3,-1.0,-1.0,0.0,0.0,3,6,26,2020,5000000000,-1,5
Tools,5822747,4.5,-1.0,-1.0,0.0,0.0,3,6,25,2020,1000000000,-1,0
Tools,100,2.7,-1.0,-1.0,0.0,0.0,3,6,17,2020,10000000,6.0,5
Music & Audio,4751111,4.2,-1.0,-1.0,0.0,0.0,12,5,26,2020,5000000000,-1,3
Entertainment,10881654,4.4,-1.0,-1.0,0.0,0.0,12,5,26,2020,1000000000,-1,3
Communication,4621827,4.1,-1.0,-1.0,0.0,0.0,3,6,11,2020,1000000000,-1,5
Entertainment,254,2.5,5.0,1.0,0.0,0.0,3,6,8,2020,5000000,6.0,0
Video Players & Editors,1428241,4.0,-1.0,-1.0,0.0,0.0,12,5,26,2020,5000000000,-1,2
Tools,3338754,4.3,-1.0,83.0,0.0,0.0,3,6,17,2020,1000000000,-1,0
Video Players & Editors,75345388,4.2,-1.0,-1.0,0.0,0.0,12,6,26,2020,5000000000,-1,3
Entertainment,872,1.9,-1.0,2.0,0.0,0.0,12,6,15,2020,50000000,5.0,1
Travel & Local,2604388,4.4,-1.0,-1.0,0.0,0.0,3,6,18,2020,100000000,-1,1
Entertainment,784795,3.0,-1.0,-1.0,10.0,1400.0,12,6,26,2020,100000000,-1,3
Social,451111,3.5,32.0,6.0,29.99,19800.0,18,6,22,2020,10000000,4.4,7
Shopping,454487,4.1,14.0,5.0,0.0,0.0,3,6,21,2020,10000000,4.1,0
Action,719859,4.1,99.0,5.0,20.0,9500.0,16,5,5,2020,100000000,4.1,0
Tools,40,4.2,1.6,2.0,0.0,0.0,3,9,30,2019,10000,4.4,0
Tools,3089,4.3,1.9,10.0,0.0,0.0,3,6,18,2020,1000000,4.0,4
Arcade,5266273,4.3,-1.0,2.0,29.0,3261.41,3,6,8,2020,100000000,4.1,2
Video Players & Editors,26,4.5,17.0,1.0,0.0,0.0,3,6,22,2020,5000,5.0,0
Photography,573720,4.6,3.3,-1.0,0.0,0.0,3,4,30,2020,50000000,-1,0
Entertainment,368,2.0,48.0,1.0,480.0,24500.0,18,6,12,2020,50000,5.0,4
Social,5,5.0,15.0,1.0,0.0,0.0,3,5,7,2020,1000,4.4,0
Video Players & Editors,15502,4.7,4.5,1.0,0.0,0.0,3,3,2,2019,1000000,4.2,0
Music & Audio,4426,4.4,3.6,1.0,0.0,0.0,12,1,7,2020,500000,4.1,0
Sports,18626,3.9,59.0,211.0,15.0,10000.0,12,6,26,2020,1000000,5.0,4
Education,38,4.5,6.9,4.0,0.0,0.0,3,3,12,2020,1000,5.0,0
Strategy,15438,4.5,33.0,1.0,130.0,650.0,7,6,3,2019,500000,4.0.3,3
Photography,550519,4.5,11.0,8.0,100.0,500.0,3,12,16,2019,10000000,4.1,0
Lifestyle,448330,4.8,22.0,14.0,0.0,0.0,3,6,24,2020,10000000,5.0,0
Video Players & Editors,118,1.9,9.1,4.0,0.0,0.0,3,1,9,2017,10000,2.3.3,0
Business,63,2.5,50.0,3.0,0.0,0.0,3,1,14,2020,10000,5.0,0
Business,162,3.6,26.0,15.0,0.0,0.0,3,9,27,2019,10000,4.4,0
Music & Audio,60385,4.6,16.0,3.0,170.0,170.0,3,6,12,2020,1000000,4.0.3,3
Tools,162706,4.1,22.0,9.0,0.0,0.0,3,3,19,2020,10000000,4.3,0
Entertainment,750044,4.4,59.0,1.0,90.0,17900.0,7,6,25,2020,10000000,4.4,3
Education,2196,4.5,8.4,3.0,0.0,0.0,3,10,20,2019,50000,5.0,0
Shopping,476,3.6,11.0,2.0,0.0,0.0,3,6,19,2020,100000,4.0.3,6
Business,20,2.7,32.0,2.0,0.0,0.0,3,6,4,2020,5000,5.0,0
Strategy,5133496,4.1,75.0,2.0,10.0,15500.0,7,6,12,2020,100000000,4.0.3,4
Photography,174,3.6,7.7,1.0,0.0,0.0,3,4,8,2016,10000,4.0,0
Photography,254204,4.4,-1.0,-1.0,200.0,200.0,3,6,25,2020,10000000,-1,0
Action,9181266,4.3,100.0,1.0,85.0,4200.0,7,6,26,2020,500000000,4.1,3
Communication,6227360,4.2,-1.0,-1.0,61.23,26000.0,12,6,20,2020,500000000,-1,1
Health & Fitness,132,3.3,11.0,1.0,0.0,0.0,3,3,8,2019,10000,4.4,0
Finance,188517,4.0,-1.0,7.0,0.0,0.0,3,6,5,2020,5000000,4.4,0
Business,13,4.5,37.0,3.0,0.0,0.0,3,5,7,2020,5000,5.0,0
Finance,2231,4.2,18.0,1.0,0.0,0.0,3,5,27,2019,100000,4.1,0
Maps & Navigation,16941,3.9,5.6,1.0,0.0,0.0,3,6,19,2020,1000000,4.1,0
Art & Design,7,4.4,7.5,1.0,0.0,0.0,3,12,14,2019,10000,4.0.3,0
Social,101697431,4.5,-1.0,-1.0,90.0,450.0,12,6,23,2020,1000000000,-1,9
Sports,23565,4.0,30.0,1.0,170.0,2500.0,12,6,24,2020,10000000,4.1,3
Productivity,2820511,4.2,-1.0,-1.0,65.0,26000.0,3,6,18,2020,100000000,-1,4
Art & Design,41143,4.6,-1.0,-1.0,0.0,0.0,3,6,4,2020,1000000,-1,0
Art & Design,47119,4.5,-1.0,-1.0,0.0,0.0,3,6,27,2020,1000000,-1,0
Art & Design,46241,4.5,5.3,2.0,0.0,0.0,3,6,25,2020,1000000,5.0,0
Art & Design,10706,4.2,9.0,1.0,139.99,139.99,3,11,8,2019,1000000,4.1,0
Health & Fitness,237,2.6,5.9,1.0,0.0,0.0,3,6,10,2020,10000,4.4,0
Personalization,111881,4.5,16.0,1.0,10.0,94.79,3,6,24,2020,10000000,4.0.3,2
Education,539,4.8,19.0,1.0,0.0,0.0,3,1,5,2019,5000,4.1,1
Tools,16469,3.9,3.6,2.0,0.0,0.0,3,3,23,2020,1000000,4.1,0
Personalization,130,4.2,7.8,11.0,0.0,0.0,3,7,7,2011,10000,2.1,0
Social,1161099,4.4,40.0,7.0,74.99,4499.0,18,6,19,2020,50000000,5.0,7
Dating,353565,4.4,41.0,7.0,74.99,21999.0,18,6,19,2020,10000000,5.0,7
Tools,6,3.7,7.3,1.0,0.0,0.0,3,5,2,2019,1000,4.3,0
Photography,37471,4.5,50.0,1.0,0.0,0.0,12,11,5,2019,5000000,4.3,1
Personalization,1758,3.9,5.8,1.0,0.0,0.0,3,1,28,2020,500000,4.4,0
Photography,1151604,4.6,68.0,4.0,10.0,4100.0,12,6,8,2020,100000000,4.1,3
Music & Audio,42,4.1,3.8,1.0,0.0,0.0,12,3,21,2020,10000,4.1,0
Music & Audio,29,4.2,8.2,1.0,0.0,0.0,16,10,25,2019,10000,4.1,0
Music & Audio,18,4.8,129.0,1.0,0.0,0.0,16,2,2,2020,1000,5.0,0
Lifestyle,392,4.9,4.4,3.0,0.0,0.0,3,2,7,2020,50000,4.1,0
Music & Audio,201,4.6,28.0,1.0,0.0,0.0,3,12,12,2019,10000,4.1,0
Entertainment,501,3.6,-1.0,-1.0,0.0,0.0,3,12,12,2017,100000,4.0.3,0
Photography,225,1.9,9.2,1.0,0.0,0.0,3,9,26,2019,10000,5.0,0
Role Playing,33622,3.9,77.0,1.0,820.0,9800.0,12,5,4,2020,10000000,4.4,0
Entertainment,2965944,4.1,14.0,6.0,0.0,0.0,3,6,17,2020,100000000,4.4,0
Communication,1217854,3.6,-1.0,5.0,0.0,0.0,3,3,4,2020,100000000,4.4,5
Music & Audio,2357917,4.0,-1.0,-1.0,30.0,2700.0,3,6,22,2020,100000000,-1,0
Entertainment,767433,4.2,14.0,1.0,0.0,0.0,12,6,16,2020,50000000,4.4,5
Entertainment,8,3.5,5.4,1.0,0.0,0.0,12,8,19,2019,500000,5.1,4
Productivity,8300104,4.4,46.0,6.0,0.0,0.0,3,6,20,2020,100000000,5.0,0
Education,24,4.6,6.6,1.0,0.0,0.0,3,4,28,2020,1000,6.0,0
Lifestyle,8669,4.6,15.0,4.0,25.0,25.0,3,6,24,2020,500000,4.2,0
Adventure,38330,4.3,61.0,1.0,90.0,8900.0,7,6,25,2020,1000000,4.1,4
Action,197860,4.2,67.0,9.0,90.0,8900.0,7,6,25,2020,10000000,4.1,4
News & Magazines,114059,4.1,-1.0,-1.0,10.0,550.0,3,6,22,2020,5000000,-1,0
Sports,932665,4.3,-1.0,-1.0,40.0,6000.0,7,12,11,2019,100000000,-1,2
Health & Fitness,6219,3.3,3.7,22.0,0.0,0.0,3,3,15,2016,1000000,4.0.3,0
Finance,1196,4.5,81.0,1.0,0.0,0.0,3,6,13,2020,100000,5.0,0
Finance,10831,4.3,20.0,1.0,0.0,0.0,3,11,20,2019,1000000,4.0.3,0
Finance,3945,3.4,66.0,1.0,0.0,0.0,3,6,24,2020,1000000,4.4,0
Casual,265813,4.1,40.0,6.0,0.0,0.0,3,5,20,2020,50000000,4.1,3
Photography,1732073,4.3,-1.0,10.0,50.0,20500.0,3,6,4,2020,50000000,5.1,2
Arcade,33085721,4.4,129.0,2.0,70.0,7900.0,3,6,25,2020,1000000000,4.4,0
Casual,28910614,4.6,-1.0,-1.0,29.0,11900.0,3,6,12,2020,1000000000,4.1,7
Strategy,130033,4.0,100.0,2.0,79.0,7900.0,7,6,1,2020,10000000,4.1,3
Health & Fitness,87,4.7,6.8,1.0,0.0,0.0,3,6,11,2020,5000,4.3,0
Health & Fitness,45,4.8,8.0,3.0,0.0,0.0,3,6,27,2020,500,4.1,4
Simulation,1406,3.7,21.0,1.0,170.0,170.0,3,5,6,2020,100000,4.1,0
Entertainment,832,4.3,7.6,1.0,0.0,0.0,3,6,13,2020,10000,4.2,0
House & Home,6,3.8,10.0,2.0,0.0,0.0,3,1,17,2020,1000,4.4,0
Education,210,3.3,6.7,2.0,200.0,200.0,3,2,11,2020,50000,4.1,3
Productivity,189,3.2,6.7,2.0,360.0,360.0,3,3,15,2020,10000,4.1,2
Lifestyle,12,4.2,5.1,2.0,0.0,0.0,12,11,8,2019,1000,4.2,0
News & Magazines,44,4.6,22.0,0.0,0.0,0.0,3,10,14,2019,5000,5.0,0
Education,8,5.0,7.3,1.0,0.0,0.0,3,5,16,2020,100,5.0,0
Tools,1570,4.2,28.0,1.0,85.0,85.0,3,6,24,2020,100000,4.1,3
Entertainment,167383,4.2,39.0,2.0,0.0,0.0,12,6,22,2020,50000000,4.4,5
Video Players & Editors,986054,4.3,47.0,2.0,80.0,8000.0,12,6,23,2020,100000000,4.3,8
Personalization,13,4.4,5.6,1.0,0.0,0.0,3,8,17,2018,10000,4.0.3,0
Education,199135,4.6,29.0,34.0,40.0,15000.0,3,6,26,2020,1000000,4.4,3
Tools,20821,4.5,8.7,8.0,330.0,1800.0,3,4,25,2020,1000000,4.4,0
Tools,8452,4.4,9.4,8.0,330.0,1800.0,3,6,12,2020,500000,4.4,2
Personalization,26552,4.3,3.7,1.0,0.0,0.0,3,5,22,2018,1000000,4.0,0
Entertainment,615,4.5,4.3,1.0,0.0,0.0,12,10,23,2019,50000,4.0.3,0
Entertainment,105,4.6,4.7,1.0,0.0,0.0,12,2,1,2020,10000,4.0.3,0
Entertainment,102,4.8,5.3,1.0,0.0,0.0,12,2,9,2020,5000,4.0.3,0
Entertainment,356,4.7,5.1,1.0,0.0,0.0,12,2,12,2020,10000,4.0.3,0
Entertainment,10,4.4,5.0,1.0,0.0,0.0,12,2,15,2020,1000,4.0.3,0
Personalization,172,4.3,5.6,1.0,0.0,0.0,3,3,17,2020,50000,4.1,0
Social,559265,4.4,8.6,4.0,150.0,150.0,3,6,27,2020,50000000,5.0,0
Personalization,4430596,4.5,-1.0,4.0,30.0,330.0,3,6,24,2020,100000000,-1,0
Tools,14331249,4.1,35.0,5.0,0.0,0.0,3,6,20,2020,1000000000,4.1,1
Lifestyle,517,4.1,8.2,11.0,0.0,0.0,3,6,26,2018,100000,4.0.3,1
Entertainment,2337,2.6,5.8,1.0,0.0,0.0,3,4,26,2019,500000,4.1,0
Entertainment,1506,3.6,16.0,1.0,0.0,0.0,3,6,23,2020,500000,4.2,5
Photography,6622962,4.3,-1.0,-1.0,0.0,0.0,3,6,26,2020,500000000,-1,0
Communication,119174,4.0,-1.0,2.0,0.0,0.0,3,5,18,2020,10000000,4.1,1
Entertainment,56,4.7,16.0,1.0,0.0,0.0,3,12,4,2019,1000,4.1,0
Tools,188295,4.5,7.0,4.0,80.0,1280.0,3,5,18,2020,10000000,4.4,0
Strategy,872573,4.0,-1.0,1.0,85.0,26000.0,12,6,26,2020,50000000,-1,4
Shopping,1234,2.9,6.0,4.0,0.0,0.0,3,5,11,2020,1000000,4.4,1
Lifestyle,54948,4.0,74.0,7.0,0.0,0.0,3,6,10,2020,5000000,4.1,0
Lifestyle,858,3.9,20.0,1.0,0.0,0.0,3,4,23,2020,500000,4.1,0
Board,5528640,4.1,44.0,5.0,10.0,13500.0,3,5,29,2020,100000000,4.1,4
Personalization,230307,4.6,10.0,6.0,95.0,399.0,12,2,26,2020,5000000,5.0,4
Photography,136455,4.4,-1.0,1.0,0.0,0.0,3,5,17,2020,10000000,-1,0
Social,140,4.3,8.2,3.0,0.0,0.0,3,2,6,2019,10000,4.1,0
Weather,1289056,4.4,-1.0,5.0,50.0,250.06,3,4,15,2019,10000000,4.0,2
Role Playing,2147694,4.8,104.0,1.0,65.0,6700.0,12,6,26,2020,10000000,4.0,2
Business,1613,4.8,18.0,2.0,0.0,0.0,3,6,24,2020,50000,4.1,0
Finance,896,4.2,10.0,2.0,0.0,0.0,3,6,5,2020,50000,4.4,0
Entertainment,176174,4.0,14.0,1.0,90.0,5500.0,12,6,20,2020,10000000,5.0,4
Racing,379891,3.9,114.0,1.0,20.0,3487.99,12,6,23,2020,50000000,4.1,2
Arcade,249635,4.2,27.0,1.0,95.0,1300.0,3,6,17,2020,50000000,4.1,0
Productivity,5142,4.4,2.4,1.0,63.02,63.02,3,5,10,2015,1000000,4.3,2
Music & Audio,1337179,4.4,-1.0,-1.0,0.0,0.0,3,6,13,2020,50000000,5.0,0
Music & Audio,46453,4.7,7.4,4.0,53.55,272.4,12,6,2,2020,1000000,4.1,3
Music & Audio,6602,4.5,7.1,4.0,190.0,190.0,12,3,6,2020,100000,4.1,3
Communication,727154,2.9,57.0,0.0,0.0,0.0,3,3,21,2019,10000000,5.0,6
Tools,1841,4.2,15.0,2.0,0.0,0.0,3,3,16,2020,100000,4.1,4
Photography,850941,4.4,62.0,5.0,0.0,0.0,3,5,27,2020,50000000,4.4,0
Puzzle,3150,4.3,47.0,1.0,0.0,0.0,3,6,11,2020,500000,4.1,3
Puzzle,226,4.4,47.0,1.0,0.0,0.0,3,6,24,2020,10000,4.1,3
Business,309,4.1,91.0,4.0,0.0,0.0,3,6,22,2020,50000,5.0,0
Action,742374,4.1,87.0,4.0,15.0,8300.0,18,6,25,2020,50000000,4.4,3
Simulation,1078866,4.1,92.0,4.0,15.0,8100.0,18,5,18,2020,100000000,4.1,3
Auto & Vehicles,555,4.7,109.0,2.0,7900.0,19600.0,3,6,19,2020,10000,4.4,0
Entertainment,60,3.3,6.9,1.0,0.0,0.0,3,5,24,2020,10000,4.4,0
Productivity,2826,3.9,5.0,2.0,0.0,0.0,3,8,13,2019,5000000,5.0,5
Communication,178664,4.5,-1.0,-1.0,0.0,0.0,3,6,24,2020,10000000,4.4,6
Productivity,4956793,4.4,-1.0,16.0,61.49,470.0,3,6,16,2020,1000000000,6.0,3
Sports,470940,3.9,71.0,1.0,34.0,6770.12,3,4,4,2020,50000000,4.1,2
Sports,2123445,4.3,-1.0,-1.0,49.0,5500.0,3,5,28,2020,100000000,4.1,2
Sports,19089867,4.4,59.0,4.0,10.0,6770.12,3,6,25,2020,500000000,4.1,2
Shopping,92,3.8,35.0,1.0,0.0,0.0,3,6,5,2020,10000,5.0,0
Finance,3362,4.3,4.0,1.0,0.0,0.0,3,8,22,2019,100000,4.1,0
Entertainment,282,3.4,14.0,10.0,0.0,0.0,3,7,24,2019,100000,4.0.3,1
Tools,939,3.0,-1.0,-1.0,0.0,0.0,3,4,23,2019,100000,4.0.3,0
Video Players & Editors,101,2.4,56.0,3.0,0.0,0.0,3,3,25,2020,10000,4.1,3
Medical,39,3.7,86.0,3.0,0.0,0.0,3,2,27,2019,10000,4.4,0
Medical,21,4.1,-1.0,4.0,0.0,0.0,3,6,2,2020,5000,6.0,0
Education,169,4.2,5.4,1.0,0.0,0.0,3,2,16,2020,10000,4.0.3,0
Music & Audio,102,4.5,83.0,3.0,0.0,0.0,16,12,21,2019,5000,4.1,0
Finance,232,3.9,13.0,5.0,0.0,0.0,3,11,22,2019,10000,4.2,0
Business,5256,3.8,19.0,51.0,0.0,0.0,3,6,18,2020,100000,4.1,4
Finance,25028,4.1,20.0,1.0,0.0,0.0,3,5,9,2020,1000000,4.3,0
Action,20196973,4.2,99.0,-1.0,10.0,7900.0,7,6,22,2020,100000000,4.1,3
Finance,26162,3.6,-1.0,-1.0,0.0,0.0,3,4,30,2020,1000000,-1,0
Video Players & Editors,2009159,4.2,15.0,5.0,0.0,0.0,12,6,23,2020,100000000,5.0,1
Education,15,4.3,17.0,1.0,0.0,0.0,3,7,15,2019,1000,4.0,2
Board,19597,4.2,13.0,1.0,120.0,6200.0,3,11,20,2019,10000000,4.1,4
Business,869893,4.4,-1.0,-1.0,58.19,4200.0,3,6,24,2020,100000000,-1,3
Personalization,14363,4.0,6.1,3.0,0.0,0.0,3,6,24,2020,1000000,4.0.3,0
News & Magazines,54,4.5,8.4,1.0,80.0,80.0,3,2,8,2020,10000,4.1,0
Travel & Local,414526,4.5,17.0,17.0,0.0,0.0,3,5,1,2020,10000000,4.1,0
Travel & Local,3420,4.3,1.8,92.0,0.0,0.0,3,5,27,2017,1000000,2.3,0
Tools,6492,4.5,12.0,6.0,890.0,1150.0,3,6,23,2020,500000,4.0,3
Health & Fitness,19023,4.0,34.0,8.0,0.0,0.0,3,6,24,2020,1000000,6.0,0
Casual,3349757,4.4,-1.0,-1.0,10.0,25000.0,12,6,24,2020,100000000,4.1,3
Board,818448,4.4,-1.0,1.0,10.0,25000.0,3,6,27,2020,50000000,4.1,4
Tools,1474,3.9,3.8,2.0,0.0,0.0,3,3,4,2020,5000000,5.0,2
Music & Audio,355,4.9,6.3,1.0,220.0,220.0,3,3,3,2020,100000,4.1,0
Music & Audio,65,4.6,88.0,1.0,0.0,0.0,3,7,2,2019,10000,4.0,0
Music & Audio,1075692,4.6,-1.0,-1.0,130.0,130.0,3,3,6,2020,50000000,-1,3
Business,71,3.4,8.3,5.0,0.0,0.0,3,3,16,2020,10000,6.0,0
Video Players & Editors,9210206,4.4,-1.0,-1.0,0.0,0.0,3,6,23,2020,500000000,-1,0
Shopping,2786944,4.4,-1.0,-1.0,0.0,0.0,3,6,9,2020,50000000,-1,0
Dating,48,4.0,8.4,1.0,0.0,0.0,18,10,30,2017,10000,4.4,1
News & Magazines,258867,4.6,52.0,4.0,0.0,0.0,3,1,8,2020,10000000,5.0,1
Social,9241,4.7,101.0,2.0,0.0,0.0,18,12,13,2019,100000,4.1,8
Social,26394,4.4,100.0,2.0,0.0,0.0,12,12,13,2019,100000,4.1,5
Social,784,4.1,100.0,2.0,0.0,0.0,12,12,13,2019,50000,4.1,5
Social,4841,4.0,100.0,2.0,0.0,0.0,12,12,13,2019,100000,4.1,5
Casual,1369676,4.5,9.9,1.0,53.14,6010.4,3,7,14,2019,10000000,2.3.3,6
Entertainment,682622,4.6,-1.0,-1.0,75.0,3700.0,12,6,19,2020,50000000,-1,1
Entertainment,122439,4.3,14.0,3.0,0.0,0.0,12,4,28,2020,10000000,4.1,5
Role Playing,20365,4.4,78.0,1.0,70.0,7400.0,12,6,18,2020,500000,4.2,3
Action,581402,4.0,98.0,1.0,70.0,6700.0,12,6,23,2020,10000000,4.1,3
Adventure,493272,3.4,80.0,1.0,65.0,6500.0,16,5,27,2020,10000000,4.4,1
Entertainment,9183299,4.4,56.0,7.0,500.0,821.73,12,6,25,2020,500000000,5.0,0
Entertainment,659,2.4,-1.0,-1.0,0.0,0.0,12,6,18,2020,10000000,-1,0
Business,1169559,4.4,-1.0,6.0,80.0,2500.0,3,6,15,2020,50000000,-1,3
Education,152,4.2,5.4,1.0,0.0,0.0,3,5,30,2020,10000,5.0,0
Photography,676540,4.5,46.0,5.0,0.0,0.0,12,6,23,2020,50000000,4.4,4
Education,6,4.7,18.0,4.0,0.0,0.0,3,4,22,2020,100,4.4,0
Role Playing,184019,4.4,93.0,0.0,65.0,6300.0,7,2,27,2020,1000000,4.0,3
Role Playing,66241,3.6,66.0,1.0,85.0,6900.0,7,6,24,2020,1000000,4.4,1
Video Players & Editors,2786301,4.4,87.0,4.0,56.11,2321.66,3,5,27,2020,100000000,5.0,3
Adventure,13347738,4.1,-1.0,0.0,29.0,7900.0,3,6,25,2020,100000000,5.0,11
Education,21729,4.0,9.6,12.0,0.0,0.0,3,6,24,2020,500000,4.1,0
Libraries & Demo,17,3.5,17.0,1.0,0.0,0.0,3,3,4,2020,1000,5.0,0
Productivity,190348,4.5,19.0,2.0,0.0,0.0,3,6,22,2020,10000000,4.1,0
Photography,1181775,4.5,-1.0,-1.0,0.0,0.0,3,4,14,2020,100000000,-1,0
Action,1480069,3.6,-1.0,3.0,799.0,799.0,3,12,19,2019,100000000,4.4,2
Role Playing,154,3.8,95.0,0.0,0.0,0.0,12,1,1,2018,5000,4.0,0
Social,98,4.5,13.0,6.0,0.0,0.0,16,11,4,2018,10000,4.0.3,0
Action,76006,4.0,89.0,2.0,15.0,9600.0,18,5,28,2020,10000000,4.1,0
Music & Audio,30,4.1,1.4,1.0,60.0,310.0,3,8,8,2018,5000,4.0.3,2
Tools,82,2.8,2.3,1.5,0.0,0.0,3,6,9,2020,10000,4.3,0
Education,195,4.0,18.0,4.0,0.0,0.0,3,2,13,2020,5000,4.4,0
Music & Audio,22896,4.1,-1.0,-1.0,60.0,950.0,3,6,19,2020,5000000,-1,4
News & Magazines,1420,4.5,7.8,1.0,0.0,0.0,3,10,14,2019,50000,4.0,0
Card,230656,4.2,-1.0,-1.0,10.0,25000.0,3,4,17,2020,10000000,-1,4
Casino,1458801,4.3,-1.0,-1.0,10.0,26000.0,12,4,20,2020,50000000,-1,3
Personalization,2404661,4.5,-1.0,-1.0,90.0,1900.0,3,5,11,2020,100000000,-1,4
Action,500118,4.3,99.0,1.0,80.0,7900.0,12,6,19,2020,10000000,4.3,3
Racing,352453,4.3,-1.0,2.0,45.0,11900.0,3,6,11,2020,10000000,4.1,10
Maps & Navigation,1426132,3.9,26.0,5.0,0.0,0.0,3,6,24,2020,100000000,4.1,0
Shopping,2032688,4.2,14.0,14.0,0.0,0.0,12,6,20,2020,100000000,4.1,3
Action,62,3.3,73.0,1.0,85.0,85.0,16,4,8,2020,10000,4.2,0
Travel & Local,546,4.3,14.0,1.0,65.0,65.0,3,10,12,2019,50000,4.1,0
Lifestyle,3611,3.8,5.1,3.0,0.0,0.0,3,10,22,2019,500000,4.0,0
News & Magazines,255999,4.3,12.0,7.0,0.0,0.0,3,6,17,2020,50000000,-1,0
Communication,3277439,4.6,-1.0,-1.0,0.0,0.0,3,6,25,2020,100000000,-1,7
Communication,235179,4.5,-1.0,-1.0,0.0,0.0,3,6,26,2020,10000000,-1,7
Communication,6975659,4.4,-1.0,-1.0,0.0,0.0,3,5,30,2020,100000000,-1,7
Communication,602500,4.4,-1.0,-1.0,0.0,0.0,3,5,29,2020,50000000,-1,7
Education,154,4.6,14.0,1.0,0.0,0.0,3,4,18,2018,10000,4.1,2
Video Players & Editors,157827,4.1,71.0,12.0,0.0,0.0,3,5,29,2020,10000000,5.0,0
Tools,5393,4.3,9.7,6.0,170.0,1800.0,3,6,17,2020,500000,4.1,0
Music & Video,224970,4.5,52.0,2.0,270.0,270.0,3,6,19,2020,50000000,4.1,0
Communication,51,4.0,11.0,0.0,0.0,0.0,3,12,28,2019,5000,4.4,0
Action,57215,4.2,42.0,2.0,35.0,8300.0,3,6,5,2020,10000000,4.1,3
Education,3062,4.1,8.2,2.0,0.0,0.0,3,4,28,2020,100000,4.0,0
Action,509,3.5,72.0,1.0,160.0,8200.0,16,6,26,2019,50000,2.3,3
Entertainment,752044,4.1,47.0,2.0,85.0,1450.0,3,9,28,2019,100000000,4.4,3
Casual,12007966,4.2,93.0,4.0,85.0,8600.0,3,6,24,2020,500000000,4.4,3
Casual,1018089,4.3,100.0,1.0,85.0,8600.0,3,3,12,2020,100000000,4.4,2
Casual,2624422,4.3,110.0,2.0,85.0,8600.0,3,6,11,2020,100000000,4.4,2
Casual,16250955,4.4,92.0,5.0,45.0,8600.0,3,6,17,2020,500000000,4.4,3
Casual,280106,4.5,85.0,1.0,170.0,8600.0,3,6,3,2020,10000000,4.4,3
Entertainment,1719432,4.4,53.0,3.0,85.0,850.0,3,3,23,2020,100000000,4.4,3
Entertainment,1841155,4.0,-1.0,2.0,85.0,1700.0,3,6,24,2020,100000000,4.4,3
Casual,2084769,4.0,55.0,3.0,60.0,850.0,3,6,15,2020,100000000,4.4,4
Entertainment,3301072,4.4,55.0,5.0,85.0,2150.0,3,4,15,2019,100000000,4.1,3
Education,28,4.6,3.2,1.0,0.0,0.0,3,5,13,2019,1000,4.0.3,0
Lifestyle,26730,4.5,5.9,6.0,0.0,0.0,3,6,12,2020,1000000,5.0,0
Lifestyle,65,4.7,5.7,6.0,0.0,0.0,3,6,12,2020,1000,5.0,0
Travel & Local,528174,4.0,18.0,5.0,0.0,0.0,3,6,23,2020,10000000,4.1,0
Social,841683,4.1,90.0,4.0,70.0,13800.0,18,6,23,2020,10000000,5.0,5
Art & Design,9,4.6,9.7,1.0,0.0,0.0,3,1,23,2020,5000,4.1,0
Personalization,13,4.7,7.4,1.0,0.0,0.0,3,1,13,2020,5000,4.1,0
Personalization,6,4.0,6.1,1.0,0.0,0.0,3,1,5,2020,5000,4.1,0
Art & Design,14,4.4,6.0,1.0,0.0,0.0,3,1,22,2020,10000,4.1,0
Lifestyle,29,4.6,24.0,1.0,0.0,0.0,12,7,14,2019,10000,4.0.3,1
Lifestyle,16,3.9,15.0,1.0,0.0,0.0,12,4,8,2019,5000,4.0.3,1
Lifestyle,26,4.6,31.0,1.0,0.0,0.0,3,6,27,2019,10000,4.0.3,0
Social,311673,4.4,-1.0,4.0,30.0,150.0,3,6,5,2020,10000000,-1,0
Social,113574,4.3,43.0,1.0,69.0,24900.0,18,6,11,2020,10000000,5.0,8
Business,22982,3.9,54.0,2020.0,0.0,0.0,3,6,27,2020,1000000,5.0,0
Finance,169587,4.2,32.0,3.0,0.0,0.0,3,6,22,2020,10000000,4.3,0
Tools,259462,4.4,6.8,8.0,130.0,130.0,3,5,15,2020,50000000,4.0,0
Simulation,233519,4.1,45.0,1.0,250.0,250.0,3,3,16,2020,50000000,4.1,0
Art & Design,135976,4.5,13.0,2.0,139.0,139.0,3,6,18,2020,5000000,4.1,0
Art & Design,230148,4.5,15.0,2.0,80.0,139.0,3,6,18,2020,10000000,4.0.3,0
Tools,486,3.8,6.6,10.0,0.0,0.0,3,6,13,2020,100000,4.0.3,0
Finance,4701449,4.4,35.0,4.0,0.0,0.0,3,6,22,2020,100000000,4.3,0
Finance,132462,4.5,-1.0,0.0,0.0,0.0,3,6,20,2020,5000000,4.4,0
Tools,279,4.6,19.0,1.0,0.0,0.0,3,1,3,2020,10000,4.1,0
Tools,145,4.2,17.0,1.0,0.0,0.0,3,3,27,2020,10000,5.0,0
Entertainment,111664,4.1,-1.0,-1.0,0.0,0.0,3,6,16,2020,10000000,-1,3
Photography,9615202,4.3,-1.0,-1.0,20.0,8200.0,12,6,27,2020,500000000,-1,4
Lifestyle,261161,4.4,41.0,7.0,74.99,4499.0,18,6,19,2020,10000000,5.0,7
Personalization,375786,4.5,19.0,4.0,63.09,1334.48,3,12,21,2018,10000000,4.1,0
Lifestyle,6592024,4.6,-1.0,-1.0,0.0,0.0,12,6,23,2020,100000000,-1,1
Social,17528,4.3,2.3,1.0,0.0,0.0,12,6,12,2020,1000000,4.1,1
Tools,13367,4.4,11.0,6.0,160.0,1750.0,3,6,23,2020,100000,4.1,2
Simulation,235374,4.4,74.0,3.0,65.7,6700.0,12,4,21,2017,5000000,4.0.3,2
Action & Adventure,130371,3.9,83.0,3.0,250.0,399.0,3,2,24,2020,50000000,4.1,0
Action & Adventure,5125,4.0,104.0,2.0,250.0,250.0,3,2,4,2019,5000000,4.1,0
Action,2688562,4.0,-1.0,-1.0,79.0,6400.0,7,8,1,2019,100000000,-1,2
Video Players & Editors,363954,4.4,17.0,2.0,85.0,365.0,3,6,26,2020,10000000,4.2,0
Casual,9132824,4.2,146.0,4.0,35.0,7900.0,3,6,18,2020,100000000,4.2,2
Casual,8363403,4.3,154.0,3.0,40.0,7900.0,3,6,17,2020,100000000,4.2,3
Casual,7566416,4.4,142.0,7.0,10.0,7900.0,3,6,25,2020,100000000,4.2,3
Entertainment,165639,4.1,-1.0,8.0,65.0,9600.0,3,6,24,2020,10000000,-1,2
Simulation,77276,3.7,148.0,1.0,250.0,250.0,18,5,7,2020,10000000,4.4,0
Communication,515909,4.1,22.0,280.0,65.0,6500.0,3,6,25,2020,50000000,4.0,8
Education,39543,4.0,92.0,1.0,79.0,380.0,3,5,27,2020,10000000,4.2,0
Health & Fitness,57,3.2,22.0,2.0,1650.0,8700.0,3,5,18,2020,10000,4.4,0
Video Players & Editors,23,2.7,20.0,2.0,0.0,0.0,3,1,21,2019,1000,4.0,0
Social,8,2.5,31.0,3.0,0.0,0.0,3,12,4,2019,1000,4.2,1
Tools,11342,3.7,39.0,4.0,0.0,0.0,3,12,5,2019,500000,5.0,0
Video Players & Editors,2602,3.8,11.0,2.0,0.0,0.0,3,12,26,2019,1000000,4.2,0
Video Players & Editors,3973,4.0,12.0,2.0,85.0,85.0,3,3,27,2020,1000000,4.2,0
Communication,10,4.5,25.0,2.0,0.0,0.0,3,4,30,2020,1000,4.1,5
Tools,246789,4.5,15.0,2.0,10.0,199.0,3,2,6,2020,10000000,4.1,4
Shopping,817183,4.3,-1.0,-1.0,0.0,0.0,12,6,25,2020,10000000,-1,11
News & Magazines,506085,4.0,8.1,2.0,0.0,0.0,12,6,25,2020,10000000,5.0,1
Food & Drink,21,1.9,26.0,1.0,0.0,0.0,3,3,26,2020,5000,5.0,0
Entertainment,45,4.1,8.9,3.0,0.0,0.0,3,5,29,2020,1000,4.4,0
Education,68,4.8,5.2,2.0,0.0,0.0,3,6,11,2020,100,4.2,0
Tools,7,4.4,14.0,1.0,0.0,0.0,3,11,20,2019,5000,4.4,0
Education,10,4.1,-1.0,1.0,0.0,0.0,3,6,8,2020,100,4.1,0
Business,17,4.1,32.0,16.0,0.0,0.0,3,9,20,2019,5000,4.4,0
Communication,5,4.8,5.4,4.0,0.0,0.0,3,3,12,2019,1000,4.1,0
Communication,133,3.8,6.7,4.0,0.0,0.0,12,11,7,2019,100000,4.1,1
Business,225,4.5,16.0,1.0,0.0,0.0,3,6,19,2019,10000,4.1,0
Video Players & Editors,1647,3.7,13.0,2.0,0.0,0.0,3,5,2,2019,100000,4.1,0
Adventure,14115064,4.4,91.0,2.0,30.0,13000.0,7,6,25,2020,100000000,4.4,4
Education,118,4.4,3.4,1.0,0.0,0.0,3,4,19,2020,10000,4.4,0
Entertainment,250928,3.9,7.1,5.0,0.0,0.0,12,2,14,2020,10000000,4.4,0
Social,376404,4.7,20.0,6.0,0.0,0.0,12,6,11,2020,50000000,4.3,1
Shopping,36,3.4,8.9,2.0,0.0,0.0,3,7,8,2016,10000,4.0.3,4
Video Players & Editors,98028,4.1,31.0,3.0,55.0,3050.0,3,6,18,2020,5000000,4.4,0
Video Players & Editors,1154810,4.2,29.0,3.0,55.0,3050.0,3,3,31,2020,10000000,4.4,0
Productivity,2747120,4.2,26.0,3.0,55.0,3050.0,3,6,4,2020,100000000,4.4,0
Education,53408,4.4,37.0,1.0,0.0,0.0,3,6,19,2020,10000000,4.1,0
Finance,88,4.3,12.0,4.0,0.0,0.0,3,1,2,2020,1000,4.4,0
Education,10496,4.5,-1.0,-1.0,0.0,0.0,3,6,24,2020,100000,-1,0
Casual,3299,4.0,101.0,1.0,0.0,0.0,3,12,23,2019,100000,4.4,0
Tools,6562,4.2,-1.0,-1.0,0.0,0.0,3,12,26,2019,50000000,-1,0
Tools,8965,3.9,-1.0,-1.0,0.0,0.0,3,12,26,2019,10000000,-1,0
Education,3090,4.5,25.0,4.0,0.0,0.0,3,5,27,2020,100000,7.0,1
Social,4241,4.4,6.3,2.0,0.0,0.0,12,7,12,2019,500000,5.0,1
Finance,423924,4.1,24.0,1.0,0.0,0.0,3,6,22,2020,50000000,4.4,0
Racing,1635,4.0,34.0,0.0,0.0,0.0,3,6,13,2015,100000,2.3,0
Puzzle,80,4.6,29.0,1.0,0.0,0.0,3,7,29,2019,1000,4.0.3,0
Role Playing,350372,3.8,80.0,0.0,39.0,26000.0,12,6,10,2020,10000000,4.4,3
Social,121218,4.1,60.0,1.0,55.0,20200.0,18,6,19,2020,10000000,5.0,7
Music & Audio,531303,4.4,24.0,16.0,0.0,0.0,3,6,11,2020,500000000,5.0,0
Communication,1736632,4.5,-1.0,11.0,0.0,0.0,3,6,19,2020,1000000000,-1,6
Tools,166896,4.1,31.0,138.0,520.0,6200.0,3,6,21,2020,10000000,4.1,0
Action,49618,3.8,43.0,1.0,190.0,190.0,3,6,25,2020,10000000,4.1,3
Social,3841817,4.4,-1.0,6.0,52.33,26000.0,16,6,26,2020,100000000,5.0,8
Music & Audio,3788032,4.4,-1.0,-1.0,0.0,0.0,12,6,23,2020,100000000,-1,0
Photography,269055,4.1,-1.0,-1.0,0.0,0.0,3,1,13,2017,10000000,-1,0
Video Players & Editors,11725,3.9,5.5,5.0,0.0,0.0,3,3,20,2020,5000000,5.0,0
Shopping,563340,3.8,15.0,3.0,0.0,0.0,3,6,26,2020,50000000,4.1,0
Puzzle,77,4.1,-1.0,-1.0,0.0,0.0,3,11,4,2017,10000,-1,0
Education,6935,4.6,9.3,8.0,0.0,0.0,3,6,6,2020,100000,4.1,0
Communication,118651,4.7,69.0,9.0,0.0,0.0,3,4,13,2020,10000000,4.4,0
Communication,11154068,4.3,-1.0,-1.0,0.0,0.0,3,6,18,2020,1000000000,-1,5
Art & Design,29,4.2,5.5,1.0,0.0,0.0,3,1,31,2020,10000,5.0,0
Tools,162694,4.4,8.8,1.0,39.0,39.0,3,6,2,2020,10000000,4.1,2
Social,22637075,4.3,61.0,10.0,0.0,0.0,12,6,23,2020,1000000000,4.4,7
Shopping,1852712,4.2,16.0,7.0,0.0,0.0,3,6,24,2020,100000000,4.1,1
Strategy,1425309,4.4,99.0,5.0,54.29,8200.0,3,6,3,2020,50000000,4.4,2
Photography,2727,3.8,14.0,1.0,0.0,0.0,3,6,16,2020,1000000,5.1,0
Tools,1430,4.8,5.6,0.0,0.0,0.0,3,3,22,2020,100000,4.1,0
Education,467303,4.7,12.0,3.0,70.0,2800.0,12,6,25,2020,5000000,4.1,1
Education,77389,4.6,6.2,4.0,0.0,0.0,3,8,15,2019,1000000,4.0.3,1
Entertainment,1197321,3.7,26.0,5.0,10.0,2300.0,12,6,24,2020,100000000,4.4,0
Lifestyle,433,4.4,8.4,12.0,0.0,0.0,3,6,26,2018,100000,4.0.3,1
Social,46,4.3,12.0,7.0,0.0,0.0,16,11,4,2018,10000,4.0.3,0
Social,215,4.3,13.0,6.0,0.0,0.0,16,11,4,2018,50000,4.0.3,0
Education,280,3.6,21.0,2.0,0.0,0.0,3,2,11,2020,10000,4.4,3
Education,3701,4.1,6.1,3.0,0.0,0.0,3,12,11,2019,100000,4.3,0
Racing,644924,4.1,-1.0,4.0,10.0,4800.0,3,6,26,2020,50000000,4.2,2
Music & Audio,19138732,4.5,-1.0,-1.0,0.0,0.0,12,6,26,2020,500000000,-1,5
Social,823985,3.9,74.0,9.0,80.0,5500.0,12,6,22,2020,100000000,4.0.3,5
Video Players & Editors,19095,4.4,5.8,1.0,0.0,0.0,3,5,30,2019,1000000,4.1,0
Video Players & Editors,1360504,4.7,99.0,5.0,0.0,0.0,3,7,8,2019,100000000,5.0,2
Entertainment,203975,3.8,-1.0,-1.0,0.0,0.0,12,6,19,2020,10000000,-1,0
Strategy,52836535,4.5,147.0,13.0,79.0,7900.0,7,6,24,2020,500000000,4.1,3
Casual,11474288,4.5,124.0,146150.0,79.0,7900.0,3,4,16,2020,100000000,4.1,3
Education,44,4.3,2.3,1.0,0.0,0.0,3,1,26,2019,10000,4.0,0
Communication,104,4.2,3.6,7.0,0.0,0.0,3,3,13,2020,10000,3.0,9
Music & Audio,43,4.0,41.0,1.0,0.0,0.0,16,11,20,2019,5000,4.4,0
Education,146,3.6,6.4,2.0,0.0,0.0,3,4,7,2020,50000,4.1,0
Photography,52290,4.5,30.0,2.0,80.0,2700.0,3,6,24,2020,10000000,5.0,0
Entertainment,88,4.6,1.8,1.0,0.0,0.0,3,9,5,2017,5000,4.0.3,0
Communication,1099,2.6,3.9,2.0,0.0,0.0,3,10,24,2019,50000,4.0,1
Casual,142085,3.7,75.0,1.0,56.0,282.2,3,9,2,2019,10000000,4.4,3
Entertainment,416,4.4,48.0,11.0,490.0,9500.0,16,5,13,2020,100000,4.4,4
Education,6286,3.8,78.0,4.0,60.0,250.0,3,9,9,2019,1000000,4.0.3,0
Education,5015,4.2,76.0,18.0,80.0,320.0,3,6,25,2020,1000000,4.0.3,2
Action,2060,4.0,25.0,1.0,80.0,4100.0,16,5,10,2019,100000,2.3,3
Racing,781603,4.6,-1.0,-1.0,33.49,4900.0,12,6,15,2020,10000000,-1,2
Education,108,3.3,27.0,1.0,0.0,0.0,3,11,20,2018,10000,6.0,1
Entertainment,3035,4.4,5.0,1.0,0.0,0.0,3,6,2,2020,500000,5.0,0
Books & Reference,29,4.0,3.9,1.0,0.0,0.0,3,3,15,2018,10000,4.1,0
Casino,1370435,4.5,-1.0,5.0,10.0,26000.0,12,6,26,2020,50000000,4.1,3
Finance,12356,4.4,-1.0,-1.0,0.0,0.0,3,5,25,2020,500000,-1,0
Action,29728539,4.1,50.0,0.0,10.0,16300.0,16,5,7,2020,100000000,4.3,3
Action,5306001,4.1,53.0,0.0,10.0,8500.0,16,5,13,2020,100000000,4.0.3,1
Music & Audio,127,3.9,19.0,6.0,0.0,0.0,12,4,1,2020,10000,4.2,1
Entertainment,153619,4.4,32.0,2.0,10.0,4950.0,3,6,27,2020,10000000,4.4,3
Tools,514991,4.0,12.0,4.0,50.0,100.0,3,6,16,2020,50000000,4.1,0
Productivity,7739,4.0,35.0,1.0,0.0,0.0,3,5,11,2020,500000,5.0,0
Lifestyle,6167,4.4,30.0,5.0,0.0,0.0,3,5,16,2020,100000,5.0,0
Music & Audio,35745,4.1,4.8,1.0,0.0,0.0,12,2,29,2020,5000000,5.0,0
Tools,7472,4.7,4.3,8.0,0.0,0.0,3,5,30,2020,5000000,4.0.3,0
Board,347094,4.3,6.6,200.0,0.0,0.0,3,12,18,2018,50000000,4.0,0
News & Magazines,142405,4.0,15.0,4.0,0.0,0.0,3,6,22,2020,50000000,4.1,1
Lifestyle,3913744,3.6,67.0,11.0,29.0,25100.0,18,6,24,2020,100000000,6.0,7
Board,899,3.4,46.0,3.0,70.0,3100.0,3,8,30,2019,500000,5.1,4
Action & Adventure,32033,4.2,-1.0,1.0,70.0,6600.0,7,5,12,2020,1000000,4.1,2
Communication,3700,3.3,41.0,2.0,0.0,0.0,3,6,19,2020,500000,6.0,5
Video Players & Editors,27343,4.3,19.0,7.0,0.0,0.0,3,6,8,2020,5000000,4.4,0
Tools,179,3.4,-1.0,-1.0,0.0,0.0,3,5,29,2020,10000,-1,5
Education,256,4.3,12.0,3.0,0.0,0.0,3,6,17,2020,10000,4.4,3
Casual,180443,4.3,67.0,4.0,15.0,21800.0,18,6,13,2020,10000000,4.1,3
Tools,33580,4.5,4.2,1.0,65.0,65.0,3,5,4,2019,1000000,4.0.3,0
Racing,2851773,4.3,31.0,7.0,80.0,8300.0,3,6,18,2020,100000000,4.2,2
Productivity,3524924,4.4,51.0,7.0,0.0,0.0,3,6,25,2020,500000000,5.0,0
Productivity,21,3.7,16.0,1.0,0.0,0.0,3,6,8,2020,1000,5.0,1
Tools,1373,4.9,7.3,5.0,0.0,0.0,3,5,30,2020,100000,4.0.3,0
Lifestyle,2191,4.2,16.0,1.0,0.0,0.0,12,8,15,2019,500000,4.0.3,0
Productivity,1122,4.4,15.0,4.0,0.0,0.0,3,3,13,2020,50000,4.0.3,0
Personalization,402970,4.6,16.0,4.0,0.0,0.0,3,6,18,2020,50000000,5.0,0
Personalization,222504,4.5,18.0,4.0,0.0,0.0,3,6,18,2020,50000000,5.0,0
Tools,160,4.1,12.0,1.0,0.0,0.0,3,2,13,2019,10000,4.2,0
Personalization,728,3.8,12.0,1.0,0.0,0.0,3,10,16,2019,100000,4.2,0
Communication,13059993,4.5,-1.0,-1.0,30.0,5000.0,3,6,25,2020,500000000,-1,3
Education,140,4.0,3.8,1.0,0.0,0.0,3,12,7,2019,10000,4.4,0
Social,3464304,4.3,25.0,16.0,0.0,0.0,12,6,24,2020,100000000,5.0,1
Simulation,155114,4.1,78.0,100.0,65.0,1300.0,16,6,2,2020,10000000,4.1,3
Simulation,181958,4.3,72.0,100.0,65.0,1300.0,12,6,2,2020,10000000,4.1,3
Social,847,4.0,3.1,2.0,250.0,17900.0,18,6,11,2020,100000,4.2,1
Entertainment,2078439,3.7,-1.0,-1.0,30.0,499.0,16,6,19,2020,100000000,-1,2
News & Magazines,15553898,4.4,-1.0,-1.0,0.0,0.0,12,6,23,2020,500000000,-1,5
News & Magazines,100420,3.9,1.3,2.0,0.0,0.0,12,4,30,2020,10000000,5.0,5
Tools,1273,4.4,9.6,9.0,0.0,0.0,3,5,22,2020,10000,6.0,0
Education,5,4.0,6.9,3.0,0.0,0.0,3,2,6,2020,100,4.1,0
Communication,4492349,4.0,47.0,12.0,0.0,0.0,12,5,22,2020,100000000,4.4,5
News & Magazines,904603,4.2,12.0,3.0,0.0,0.0,3,10,22,2019,100000000,4.0,0
Video Players & Editors,751796,4.0,36.0,2.0,10.0,1000.0,12,6,22,2020,100000000,4.1,5
Social,79876,3.9,12.0,2.0,0.0,0.0,3,5,25,2020,50000000,4.1,0
Finance,30,4.0,11.0,1.0,0.0,0.0,3,5,28,2019,10000,4.1,1
Communication,195059,3.7,-1.0,1.0,0.0,0.0,3,6,16,2020,10000000,4.1,5
Photography,584346,4.3,35.0,4.0,170.0,5000.0,12,6,17,2020,100000000,4.1,8
Business,71,3.8,1.9,1.0,0.0,0.0,3,9,4,2019,10000,4.0.3,0
Entertainment,21,3.3,9.5,20.0,0.0,0.0,3,6,3,2020,1000,4.3,0
Finance,319,3.9,32.0,1.0,0.0,0.0,3,6,7,2020,10000,4.1,0
Social,538550,4.4,-1.0,-1.0,50.0,11100.0,18,6,23,2020,10000000,-1,7
Arcade,2988,4.0,68.0,1.0,160.0,8200.0,16,4,25,2019,500000,2.3,3
Business,10,3.9,48.0,1.0,0.0,0.0,3,6,25,2020,1000,4.4,1
Productivity,260,3.8,5.9,1.0,0.0,0.0,3,3,16,2020,10000,4.2,0
Casual,347,4.2,50.0,1.0,0.0,0.0,12,5,1,2020,500000,4.1,0
Tools,652,4.1,19.0,1.0,0.0,0.0,3,6,3,2020,10000,4.4,0
Video Players & Editors,4400494,4.6,11.0,6.0,179.99,179.99,3,6,4,2020,100000000,5.0,2
Education,213,4.5,12.0,2.0,0.0,0.0,3,7,29,2019,1000,4.4,0
Education,33,3.2,6.2,1.0,0.0,0.0,3,4,4,2018,10000,2.2,1
Action & Adventure,14192,4.2,19.0,1.0,0.0,0.0,3,2,5,2018,1000000,2.3,0
Action & Adventure,14580,4.2,-1.0,-1.0,120.0,120.0,3,6,18,2020,1000000,4.1,2
Business,124,4.1,15.0,5.0,0.0,0.0,3,5,31,2020,100000,5.0,1
Health & Fitness,10631,3.8,33.0,4.0,0.0,0.0,3,6,23,2020,1000000,4.4,5
Photography,6211253,4.4,-1.0,7.0,170.0,1750.0,3,4,29,2020,100000000,-1,4
Business,572,4.1,15.0,3.0,0.0,0.0,3,3,19,2020,10000,5.0,4
Communication,13841755,4.3,-1.0,-1.0,60.0,8700.0,12,6,25,2020,500000000,-1,11
Personalization,17771,4.3,16.0,1.0,89.99,599.0,3,6,15,2020,5000000,4.4,0
Social,259615,4.3,61.0,1.0,65.0,13830.0,18,6,21,2020,10000000,5.0,8
Entertainment,63521,4.3,-1.0,-1.0,50.0,5800.0,12,5,23,2020,1000000,5.0,2
Finance,601,3.6,7.4,4.0,0.0,0.0,3,3,31,2019,100000,4.0,0
Finance,11723,4.2,2.8,4.0,0.0,0.0,3,3,31,2019,1000000,4.1,0
Education,84,3.8,21.0,1.0,0.0,0.0,3,3,3,2020,5000,4.4,0
Lifestyle,20,4.0,14.0,2.0,0.0,0.0,3,6,13,2019,5000,4.4,1
Tools,21575,4.1,6.0,1.0,0.0,0.0,3,8,13,2019,5000000,4.0.3,0
Social,298398,4.1,44.0,4.0,85.0,7600.0,12,6,22,2020,50000000,5.0,1
Social,7204596,3.3,-1.0,-1.0,40.0,10500.0,12,6,25,2020,100000000,-1,3
Video Players & Editors,43468,4.1,1.6,17.0,0.0,0.0,3,10,20,2018,10000000,2.3,0
Education,13582,3.0,8.8,84.0,0.0,0.0,3,6,16,2020,500000,8.0,0
Simulation,52691,4.0,37.0,2.0,65.0,690.0,7,6,16,2020,10000000,4.1,3
Simulation,92866,4.1,47.0,3.0,70.0,1350.0,3,6,25,2020,50000000,4.1,2
Maps & Navigation,540,3.4,23.0,2.0,0.0,0.0,3,4,24,2020,100000,4.4,0
Tools,159188,4.5,12.0,2.0,700.0,2500.0,3,4,26,2020,10000000,5.0,3
Education,31,4.2,3.8,1.0,0.0,0.0,3,5,16,2020,5000,5.0,0
Entertainment,157085,4.4,53.0,2.0,85.0,1700.0,12,6,25,2020,10000000,5.0,3
Personalization,396274,4.3,-1.0,-1.0,15.0,1000.0,3,6,26,2020,50000000,-1,3
Art & Design,166,4.8,5.1,5.0,0.0,0.0,3,1,20,2020,10000,4.3,0
Social,295490,4.5,-1.0,-1.0,11.0,17200.0,18,6,26,2020,10000000,-1,3
Puzzle,1204985,4.1,89.0,1.0,85.0,8400.0,3,6,26,2020,100000000,4.4,0
Finance,93,4.0,12.0,1.0,0.0,0.0,3,11,16,2019,1000,4.4,0
Racing,1255,3.9,34.0,1.0,0.0,0.0,3,6,28,2018,100000,4.1,0
Art & Design,69976,4.7,-1.0,-1.0,0.0,0.0,3,6,26,2020,1000000,-1,0
Communication,115511064,4.3,-1.0,2.0,0.0,0.0,3,6,24,2020,5000000000,4.0.3,3
Communication,2236083,4.2,-1.0,2.0,0.0,0.0,3,6,24,2020,100000000,4.0.3,5
Travel & Local,2425607,4.5,11.0,6.0,0.0,0.0,3,6,24,2020,100000000,4.1,0
Music & Audio,13,2.7,20.0,3.0,0.0,0.0,3,6,8,2018,1000,4.1,0
Action,1427847,4.3,29.0,1.0,180.0,9400.0,3,6,26,2020,100000000,5.1,2
Education,136,4.8,3.7,4.0,0.0,0.0,3,8,30,2019,5000,4.1,0
Health & Fitness,22,4.4,1022.0,1.0,0.0,0.0,3,7,13,2015,5000,3.0,1
Tools,1270,2.9,5.1,1.0,350.0,1400.0,3,4,2,2020,100000,4.0.3,3
Racing,1063362,4.2,16.0,2.0,121.86,6115.0,3,5,10,2019,100000000,4.0,3
Arcade,1039209,4.4,20.0,1.0,121.86,6115.0,16,11,14,2019,50000000,4.0,2
Personalization,10,4.7,13.0,1.0,0.0,0.0,3,12,5,2019,5000,4.0.3,0
Food & Drink,16,4.8,22.0,1.0,0.0,0.0,3,7,23,2019,1000,4.4,0
Entertainment,778508,4.5,15.0,4.0,0.0,0.0,12,6,25,2020,10000000,5.0,0
Personalization,291,3.9,4.3,1.0,0.0,0.0,3,2,26,2020,50000,5.0,0
Tools,1249,4.3,8.5,2.0,420.0,420.0,3,6,7,2020,100000,5.0,4
Communication,8026,4.3,1.2,3.0,0.0,0.0,3,6,13,2020,1000000,4.0,5
Health & Fitness,1128417,4.0,101.0,4.0,0.0,0.0,3,6,18,2020,50000000,4.4,5
Tools,714921,4.4,-1.0,-1.0,0.0,0.0,3,5,27,2020,100000000,4.4,0
Libraries & Demo,6670,2.2,51.0,32.0,0.0,0.0,3,3,2,2020,1000000,4.1,0
Music & Audio,5,4.8,70.0,2.0,0.0,0.0,3,1,17,2020,100,4.1,0
Photography,12395,4.0,15.0,3.0,130.0,500.0,3,6,22,2020,1000000,4.3,0
Personalization,1678800,4.4,-1.0,-1.0,0.0,0.0,3,6,24,2020,100000000,-1,9
Education,573912,4.2,-1.0,-1.0,90.0,180.0,3,6,12,2020,50000000,-1,0
Education,2162,3.3,-1.0,1.0,0.0,0.0,3,9,16,2019,1000000,4.1,4
Art & Design,137,4.2,4.2,12.0,0.0,0.0,3,3,18,2020,10000,4.1,0
Art & Design,28,4.5,4.2,14.0,0.0,0.0,3,3,18,2020,5000,4.1,0
Art & Design,31,4.6,4.2,8.0,0.0,0.0,3,3,18,2020,10000,4.1,0
Art & Design,59,4.3,4.2,8.0,0.0,0.0,3,3,18,2020,10000,4.1,0
Art & Design,90,4.2,4.2,14.0,0.0,0.0,3,5,2,2020,10000,4.1,0
Music & Audio,54,4.8,6.8,1.0,0.0,0.0,3,5,9,2020,1000,5.0,0
Tools,263043,4.2,-1.0,4.0,60.0,5400.0,12,6,24,2020,50000000,4.4,1
Tools,35608,4.2,-1.0,3.0,60.0,9400.0,3,6,24,2020,10000000,5.0,0
Social,4807385,4.1,-1.0,3.0,10.0,25200.0,12,6,23,2020,100000000,4.3,5
News & Magazines,1436,4.2,-1.0,-1.0,0.0,0.0,3,6,9,2017,100000,-1,0
Social,5241,4.6,28.0,1.0,69.0,24900.0,18,6,17,2020,1000000,5.0,8
Health & Fitness,483,4.3,8.0,2.0,0.0,0.0,3,5,18,2020,10000,4.4,0
Arcade,499,3.5,15.0,1.0,0.0,0.0,3,1,17,2020,100000,3.1,0
Books & Reference,92,4.0,2.9,1.0,0.0,0.0,3,10,19,2019,10000,4.0,0
Arcade,218,3.5,55.0,1.0,0.0,0.0,3,2,14,2020,50000,4.0,0
Puzzle,174,3.8,14.0,1.0,0.0,0.0,3,5,29,2019,50000,4.1,0
Health & Fitness,28796,4.5,56.0,2.0,900.0,6300.0,3,6,15,2020,1000000,5.0,2
Arcade,25266,4.3,28.0,1.0,85.0,4200.0,7,7,29,2019,1000000,4.1,3
Arcade,1513,4.3,69.0,1.0,85.0,8300.0,12,4,6,2020,100000,4.4,3
Productivity,34,3.9,2.5,0.0,0.0,0.0,3,4,7,2018,5000,4.0.3,0
Books & Reference,40738,4.3,21.0,8.0,59.0,5000.0,12,6,19,2020,1000000,4.1,2
Tools,60416,3.9,166.0,15.0,0.0,0.0,3,5,7,2020,50000000,4.1,0
Social,21044657,4.0,90.0,16.0,80.0,8300.0,12,6,24,2020,1000000000,4.1,1
Video Players & Editors,526251,3.4,32.0,4.0,0.0,0.0,12,6,22,2020,100000000,4.1,5
Action,434,3.8,50.0,1.0,0.0,0.0,3,11,21,2019,50000,4.0,0
Action,17713,3.2,95.0,1.0,170.0,5900.0,16,5,22,2019,1000000,2.3,3
Personalization,63,3.3,8.9,1.0,0.0,0.0,12,6,9,2019,10000,5.0,1
Racing,6844,3.9,93.0,1.0,0.0,0.0,16,4,12,2017,500000,2.3,0
Shopping,1252957,4.6,31.0,7.0,0.0,0.0,12,6,25,2020,100000000,4.2,1
Education,17946,4.7,-1.0,-1.0,490.0,11700.0,3,6,14,2020,1000000,-1,4
Travel & Local,280451,4.3,7.7,13.0,0.0,0.0,3,5,11,2020,10000000,4.2,0
Travel & Local,1630039,4.3,15.0,3.0,0.0,0.0,3,6,25,2020,10000000,5.0,7
Education,364,4.5,11.0,1.0,490.0,11700.0,3,3,27,2020,10000,5.0,3
News & Magazines,118,4.2,11.0,1.0,0.0,0.0,3,9,4,2019,10000,4.0.3,0
Puzzle,461,4.5,930.0,1.0,0.0,0.0,3,2,15,2016,10000,2.1,0
Personalization,801,4.6,13.0,1.0,0.0,0.0,3,1,10,2020,50000,4.1,0
Tools,1223,4.4,13.0,1.0,139.99,139.99,3,1,14,2020,100000,4.1,3
Maps & Navigation,96,4.1,1.1,1.0,0.0,0.0,3,5,29,2016,10000,2.2,0
Tools,4703,4.0,4.0,4.0,0.0,0.0,3,3,28,2020,500000,2.3.3,0
Communication,202,2.3,14.0,2.0,0.0,0.0,3,3,8,2019,10000,5.0,0
Tools,188,4.1,710.0,1.0,0.0,0.0,3,5,23,2018,10000,2.3.3,0
Video Players & Editors,21351,3.2,8.8,2.0,110.0,240.0,3,3,23,2020,10000000,4.1,0
Video Players & Editors,38456,4.2,9.7,1.0,0.0,0.0,3,6,22,2020,10000000,5.1,0
Education,35,4.6,3.0,20.0,0.0,0.0,3,4,18,2020,1000,5.1,0
Music & Audio,26637,4.4,43.0,1.0,131.94,26000.0,18,2,26,2020,1000000,5.1,3
Education,30,2.9,7.6,1.0,0.0,0.0,3,2,20,2020,5000,4.1,5
Personalization,177,4.6,9.8,1.0,0.0,0.0,3,1,12,2019,10000,3.0,1
Video Players & Editors,147184,4.8,8.4,1.0,190.0,190.0,3,5,24,2020,10000000,4.4,0
Sports,780,4.5,-1.0,3.0,0.0,0.0,3,12,6,2019,100000,-1,7
Finance,15578,3.4,43.0,2.0,0.0,0.0,3,6,15,2020,1000000,4.4,0
Productivity,216900,4.5,-1.0,-1.0,0.0,0.0,3,3,9,2020,10000000,-1,0
Shopping,3981,3.9,23.0,4.0,0.0,0.0,3,6,23,2020,500000,4.3,0
Finance,150,3.0,13.0,2.0,0.0,0.0,3,5,28,2018,10000,2.3.3,5
Video Players & Editors,277657,4.1,9.0,1.0,0.0,0.0,12,5,24,2020,100000000,5.1,0
Tools,3930055,4.5,-1.0,3.0,65.0,3400.0,3,6,13,2020,100000000,-1,0
Maps & Navigation,887,3.8,23.0,5.0,0.0,0.0,3,4,16,2020,100000,4.1,0
Video Players & Editors,136963,4.3,8.9,1.0,0.0,0.0,3,6,12,2020,50000000,5.1,0
Personalization,24115,4.2,12.0,14.0,0.0,0.0,3,5,21,2020,10000000,4.2,0
Personalization,181276,4.4,5.5,2.0,10.0,150.0,7,6,24,2020,10000000,6.0,3
Music & Audio,114,4.0,-1.0,-1.0,0.0,0.0,3,2,15,2017,10000,4.1,0
Health & Fitness,1102723,4.8,16.0,1.0,180.0,3350.0,3,6,2,2020,100000000,4.4,0
Entertainment,10,4.8,9.2,2.0,0.0,0.0,16,4,26,2020,1000,4.1,0
Business,820,4.6,40.0,1.0,0.0,0.0,3,7,30,2019,10000,4.1,0
Communication,530253,4.3,53.0,2.0,70.0,1700.0,3,6,8,2020,10000000,5.0,1
News & Magazines,193026,3.5,14.0,8.0,0.0,0.0,3,2,20,2020,50000000,4.4,1
Shopping,5525830,4.3,-1.0,-1.0,0.0,0.0,3,6,18,2020,100000000,-1,1
Education,173,4.1,29.0,1.0,0.0,0.0,3,3,1,2019,50000,4.0.3,0
Education,30817,4.2,7.5,2.0,0.0,0.0,3,5,27,2020,1000000,4.1,0
Productivity,105013,4.3,14.0,2.0,0.0,0.0,3,6,26,2020,10000000,4.4,4
Education,46,4.2,8.0,0.0,0.0,0.0,3,5,24,2019,5000,4.4,5
Social,1460327,4.4,28.0,1.0,0.0,0.0,12,6,26,2020,100000000,4.1,1
Social,37214,4.6,7.1,2.0,0.0,0.0,12,6,22,2020,1000000,5.0,1
Finance,714386,4.4,-1.0,2.0,0.0,0.0,3,5,18,2020,50000000,5.0,0
Entertainment,8216338,4.1,-1.0,-1.0,0.0,0.0,12,6,24,2020,100000000,-1,0
Food & Drink,1774865,4.2,-1.0,-1.0,0.0,0.0,3,6,25,2020,50000000,-1,0
Health & Fitness,8,4.8,1.6,1.0,0.0,0.0,3,2,6,2020,500,4.0.3,0
Business,61071,3.8,9.9,5.0,0.0,0.0,3,6,18,2020,10000000,4.1,0
Communication,72097,4.2,27.0,3.0,0.0,0.0,3,4,24,2020,1000000,4.1,0
Education,728,3.0,6.2,1.0,0.0,0.0,3,11,21,2018,100000,4.1,0
Health & Fitness,700,4.2,2.1,1.0,0.0,0.0,3,10,23,2018,100000,4.0.3,0
Photography,2985221,4.8,20.0,3.0,130.0,3990.0,3,6,20,2020,100000000,5.0,3
Card,248965,4.1,-1.0,-1.0,0.0,0.0,3,3,28,2020,50000000,-1,0
Arcade,1317474,4.1,80.0,1.0,55.0,280.0,3,6,23,2020,100000000,4.4,3
Tools,253,3.5,13.0,1.0,0.0,0.0,3,11,22,2019,100000,4.1,0
Health & Fitness,4601,4.5,19.0,3.0,0.0,0.0,3,11,5,2019,1000000,4.4,0
Simulation,132655,3.9,45.0,4.0,320.0,1600.0,7,3,16,2020,10000000,5.0,3
Simulation,123265,4.3,39.0,7.0,240.0,890.0,3,3,5,2020,10000000,5.0,2
Tools,1679,3.8,7.5,16.0,0.0,0.0,3,5,29,2020,100000,4.1,0
Casino,31408,4.5,-1.0,2.0,120.0,7900.0,12,8,2,2019,1000000,4.0.3,3
Personalization,182,4.3,6.3,1.0,0.0,0.0,12,6,3,2019,1000,4.2,0
Entertainment,1661,2.9,20.0,6.0,0.0,0.0,3,2,27,2020,1000000,4.2,2
Business,37,4.3,31.0,1.0,0.0,0.0,3,6,24,2020,1000,4.4,0
Puzzle,69322,3.9,68.0,2.0,60.0,1000.0,3,11,6,2019,1000000,4.1,2
Tools,671,3.4,3.3,1.0,0.0,0.0,3,9,18,2019,1000000,5.0,5
Music & Audio,47,2.3,4.3,1.0,0.0,0.0,3,3,28,2019,5000,5.0,0
Sports,5550,4.1,46.0,1.0,0.0,0.0,3,6,26,2020,100000,5.0,4
Communication,12232123,4.1,-1.0,-1.0,60.0,13000.0,3,6,18,2020,500000000,-1,7
Art & Design,836221,4.5,25.0,7.0,220.0,690.0,3,6,25,2020,50000000,4.1,1
Shopping,414,3.6,5.8,1.0,0.0,0.0,3,6,20,2020,100000,4.4,0
Video Players & Editors,1721,3.9,10.0,1.0,0.0,0.0,3,5,28,2020,1000000,4.1,0
Entertainment,23463,4.2,16.0,5.0,0.0,0.0,3,6,23,2020,5000000,4.4,0
Personalization,22,3.5,6.5,5.0,90.0,1100.0,3,9,25,2019,10000,4.2,0
Personalization,352,3.4,6.5,5.0,90.0,1100.0,3,9,25,2019,100000,4.2,0
Tools,23844,4.4,8.4,6.0,360.0,1150.0,3,6,16,2020,1000000,4.0,0
Productivity,28560,4.0,19.0,4.0,0.0,0.0,3,11,28,2019,10000000,5.0,0
Trivia,1924,2.6,13.0,4.0,430.0,1300.0,3,4,1,2020,100000,5.0,1
Personalization,168,4.1,5.6,1.0,0.0,0.0,3,10,25,2018,50000,4.0,1
Tools,1061,4.2,13.0,5.0,0.0,0.0,3,10,29,2019,100000,4.1,0
Board,95583,4.3,19.0,2.0,10.0,5726.49,3,4,24,2020,5000000,4.4,4
Education,293,4.5,8.5,3.0,0.0,0.0,3,4,8,2020,10000,4.1,0
Tools,338,3.8,81.0,1.0,0.0,0.0,3,9,28,2018,100000,4.0,0
Casual,29,4.7,5.3,1.0,0.0,0.0,3,1,21,2020,100,4.1,0
Education,24725,4.6,17.0,1.0,10.0,10000.0,3,6,26,2020,1000000,4.4,4
Entertainment,561560,3.5,92.0,2.0,60.0,7500.0,3,6,26,2020,10000000,5.1,1
Video Players & Editors,94,3.9,25.0,1.0,0.0,0.0,3,1,2,2020,10000,4.4,1
Productivity,715016,3.8,-1.0,-1.0,330.96,19884.2,3,6,24,2020,50000000,-1,3
Tools,5561,4.6,15.0,1.0,0.0,0.0,3,6,17,2020,100000,5.0,0
Productivity,49,3.6,6.9,1.0,0.0,0.0,3,12,26,2019,10000,5.0,0
Business,103,4.3,1.5,2.0,0.0,0.0,3,4,20,2019,10000,4.0,0
Education,33418,4.0,46.0,3.0,60.87,390.0,3,9,19,2018,1000000,4.4W,3
Communication,57,3.8,33.0,1.0,0.0,0.0,3,6,9,2020,1000,6.0,1
Food & Drink,167,4.4,10.0,2.0,0.0,0.0,3,6,8,2020,10000,4.2,0
Music & Audio,5294,4.8,20.0,6.0,0.0,0.0,3,3,20,2017,100000,4.3,7
Shopping,7466675,4.4,54.0,8.0,10.0,6939.0,3,6,19,2020,100000000,4.3,3
Productivity,1158,4.3,-1.0,5.0,0.0,0.0,3,6,24,2020,100000,6.0,0
Productivity,489,4.0,16.0,4.0,0.0,0.0,3,6,18,2020,10000,6.0,0
Puzzle,85767,4.6,-1.0,1.0,60.0,6200.0,3,5,18,2020,1000000,4.4,2
Personalization,8048852,4.5,20.0,-1.0,29.99,1300.0,12,6,26,2020,100000000,-1,3
Business,67147,4.3,8.7,8.0,190.0,190.0,3,8,2,2019,5000000,4.1,0
Health & Fitness,1159277,4.4,4.0,1.0,0.0,0.0,3,5,31,2020,100000000,5.0,0
Entertainment,1922,3.1,7.2,2.0,0.0,0.0,3,5,20,2019,100000,4.4,1
Business,27841,4.3,6.1,12.0,0.0,0.0,3,3,9,2020,1000000,4.0,0
Education,1603,3.9,6.3,1.0,0.0,0.0,3,6,25,2020,100000,5.0,0
Lifestyle,1858,3.9,89.0,6.0,0.0,0.0,3,6,16,2020,100000,6.0,1
Communication,3460694,4.4,-1.0,68.0,0.0,0.0,3,6,25,2020,100000000,-1,6
Maps & Navigation,76094,4.1,-1.0,-1.0,0.0,0.0,3,6,22,2020,10000000,-1,0
Tools,4277,3.6,14.0,2.0,0.0,0.0,3,7,12,2014,500000,2.3,0
Tools,284,4.5,203.0,1.0,0.0,0.0,3,9,16,2014,10000,1.5,0
Communication,5371788,4.4,-1.0,-1.0,0.0,0.0,12,6,6,2020,500000000,-1,1
Social,264599,4.4,-1.0,-1.0,0.0,0.0,12,5,15,2020,10000000,-1,1
Video Players & Editors,1386409,4.4,-1.0,-1.0,0.0,0.0,3,5,7,2020,100000000,-1,0
Lifestyle,216,4.9,1.6,1.0,0.0,0.0,3,12,11,2019,10000,4.4,0
Video Players & Editors,284359,4.2,-1.0,18.0,0.0,0.0,3,6,19,2020,10000000,5.0,0
Communication,1272,3.7,6.6,3.0,0.0,0.0,3,4,30,2020,1000000,4.4,5
Arcade,38402,4.3,36.0,-1.0,30.0,1550.0,12,1,31,2020,5000000,4.1,3
Photography,705963,4.8,-1.0,1.0,65.0,1350.0,12,6,16,2020,50000000,4.4,2
Tools,225433,4.0,7.8,2.0,120.0,120.0,3,12,4,2019,50000000,4.1,0
Puzzle,3622,4.7,2.6,1.0,131.25,3200.0,3,8,20,2017,100000,4.0,2
Sports,127,4.9,12.0,1.0,0.0,0.0,3,2,28,2020,10000,4.4,0
Communication,81069,4.5,32.0,16.0,0.0,0.0,3,6,26,2020,5000000,5.0,0
Shopping,150,3.1,13.0,1.0,0.0,0.0,3,3,9,2020,100000,4.4,0
Business,27,3.5,-1.0,-1.0,0.0,0.0,3,9,16,2019,10000,-1,0
Trivia,253421,4.1,19.0,3.0,0.0,0.0,3,6,24,2020,10000000,4.1,0
Tools,283,4.4,24.0,2.0,0.0,0.0,3,4,2,2020,10000,4.1,0
Education,71,4.7,11.0,1.0,490.0,11700.0,3,3,29,2020,5000,5.0,3
Photography,69187,4.5,7.7,2.0,0.0,0.0,3,11,3,2019,10000000,4.0,2
Personalization,906,4.6,69.0,1.0,0.0,0.0,3,6,12,2020,100000,4.1,3
Tools,604178,4.4,-1.0,-1.0,0.0,0.0,3,4,14,2020,100000000,-1,0
Video Players & Editors,749297,4.5,27.0,3.0,330.0,11100.0,3,6,17,2020,50000000,5.0,2
Video Players & Editors,4211,4.3,17.0,1.0,340.0,17100.0,3,6,15,2020,100000,5.0,3
Maps & Navigation,818,3.5,12.0,4.0,0.0,0.0,3,5,25,2020,100000,4.2,0
Photography,7660,3.9,26.0,1.0,700.0,700.0,3,5,30,2020,5000000,4.2,0
Tools,21,4.4,5.0,1.0,0.0,0.0,3,5,24,2019,1000,7.1,0
Social,3957771,4.4,50.0,4.0,10.0,26000.0,12,6,24,2020,100000000,4.1,8
Board,121581,4.1,31.0,2.0,80.0,17400.0,3,6,5,2020,10000000,4.1,3
Health & Fitness,585,3.2,15.0,2.0,0.0,0.0,3,5,7,2020,50000,6.0,0
Personalization,821,3.7,1.9,17.0,0.0,0.0,3,4,18,2020,100000,4.4,5
News & Magazines,420,3.8,12.0,1.0,0.0,0.0,3,9,4,2019,10000,4.0.3,0
Personalization,570,3.2,6.3,1.0,0.0,0.0,3,10,26,2018,100000,4.0,1
Simulation,868,4.1,141.0,1.0,320.0,6400.0,3,5,26,2020,10000,4.4,3
Maps & Navigation,4626,4.5,5.7,2.0,0.0,0.0,3,3,4,2020,50000,4.2,4
Education,32,4.2,3.7,2.0,0.0,0.0,3,5,30,2020,1000,4.0.3,0
Lifestyle,9852,4.1,1.7,1.0,0.0,0.0,3,12,17,2016,1000000,4.0.3,0
Tools,689,2.8,8.8,5.0,0.0,0.0,3,6,5,2017,50000,4.0.3,0
Business,127538,4.4,-1.0,-1.0,0.0,0.0,3,4,18,2020,10000000,-1,0
Education,49,4.0,5.6,4.0,0.0,0.0,3,5,29,2019,5000,5.0,0
Finance,309,3.9,8.1,2.0,0.0,0.0,3,5,5,2020,50000,5.0,0
Tools,400,4.4,3.1,1.0,270.0,270.0,3,5,23,2020,10000,4.4,0
Photography,613420,4.4,-1.0,4.0,0.0,0.0,3,6,4,2020,10000000,4.1,0
Video Players & Editors,482481,4.4,9.7,1.0,0.0,0.0,3,6,24,2020,50000000,5.1,0
Video Players & Editors,315,4.2,9.8,2.0,0.0,0.0,3,6,25,2020,50000,4.1,0
Video Players & Editors,7307800,4.4,73.0,3.0,10.0,10801.8,12,6,24,2020,500000000,4.1,8
Video Players & Editors,220949,3.7,16.0,2.0,97.0,8600.0,12,5,21,2020,50000000,4.1,4
Video Players & Editors,23350,3.9,6.3,1.0,0.0,0.0,3,8,26,2019,10000000,5.0,0
Video Players & Editors,1577,4.7,6.6,1.0,0.0,0.0,3,5,12,2020,500000,4.3,0
Tools,116762,4.4,17.0,4.0,50.0,50.0,3,4,17,2020,10000000,4.4,0
Photography,2126931,4.4,-1.0,-1.0,53.01,650.0,12,6,26,2020,100000000,-1,1
Education,6221,3.8,6.1,2.0,0.0,0.0,3,7,11,2017,500000,4.0.3,0
Communication,10922,3.5,5.7,2.0,430.0,13800.0,18,12,5,2019,5000000,4.1,7
Personalization,127,4.2,11.0,1.0,0.0,0.0,3,7,5,2019,50000,4.0,0
