Genre,Number of Reviews,Size,Version,Min Price,Max Price,Age,Month,Day,Year,Min Downloads,Minimum Android Version,Interactive Element Score
21,62276,31.0,7,0.0,0.0,3,5,26,2020,50000000,14,0
14,3574,6.4,10,0.0,0.0,3,6,14,2020,500000,9,0
36,14853,19.0,9,599.99,1350.0,18,8,19,2017,1000000,5,1
14,128463,36.0,2,0.0,0.0,3,10,3,2016,50000000,9,0
14,418,-1.0,0,0.0,0.0,3,2,13,2020,50000,9,0
8,568,30.0,2,0.0,0.0,3,4,17,2018,100000,9,1
42,493812,9.4,2,650.0,1650.0,3,5,25,2020,100000000,17,0
36,2327586,40.0,5,79.0,7900.0,12,6,24,2020,100000000,11,1
36,55979,11.0,2,0.0,0.0,12,6,24,2020,10000000,11,5
23,3012,49.0,7,0.0,0.0,3,5,20,2020,100000,14,0
42,404906,49.0,2,85.0,4550.0,7,6,22,2020,10000000,14,3
8,35,4.8,2,0.0,0.0,3,3,12,2020,1000,11,0
15,84,3.3,2,0.0,0.0,18,8,27,2019,10000,3,1
21,6,5.2,2,0.0,0.0,3,9,10,2019,5000,10,0
21,156,45.0,7,0.0,0.0,3,6,9,2020,10000,11,0
3,994917,37.0,5,52.98,7100.0,12,9,24,2019,100000000,11,4
2,23582,48.0,4,80.0,7100.0,12,6,25,2020,5000000,11,3
3,928413,-1.0,6,57.31,7100.0,12,9,30,2019,100000000,11,3
25,6417,25.0,4,0.0,0.0,16,6,23,2020,500000,16,0
14,131,6.0,2,0.0,0.0,3,12,24,2019,1000,13,0
12,17,-1.0,7,0.0,0.0,3,12,19,2019,1000,11,5
3,13,32.0,2,0.0,0.0,3,3,18,2020,1000,11,0
11,908866,25.0,13,34.99,8300.0,3,6,25,2020,100000000,11,2
14,30165,-1.0,0,490.0,11700.0,3,3,27,2020,1000000,0,1
39,290,8.2,2,0.0,0.0,3,3,16,2019,10000,14,0
40,1284,15.0,5,0.0,0.0,3,5,20,2020,10000,14,2
39,711,16.0,2,75.0,1950.0,3,6,6,2020,100000,11,3
34,1763091,22.0,8,0.0,0.0,3,5,29,2020,100000000,14,0
15,80,2.5,4,0.0,0.0,3,5,13,2020,50000,11,0
30,2028336,-1.0,14,10.0,26000.0,3,6,24,2020,100000000,16,4
30,185417,65.0,14,29.99,6800.0,3,5,23,2020,50000000,16,0
39,2761277,-1.0,0,0.0,0.0,3,6,15,2020,100000000,0,0
14,522,30.0,2,0.0,0.0,3,6,25,2020,10000,12,1
14,665766,7.7,7,0.0,0.0,3,6,22,2020,10000000,16,1
14,516,30.0,2,0.0,0.0,3,5,28,2020,5000,12,1
14,23,29.0,2,0.0,0.0,3,6,25,2020,100,12,1
34,32,16.0,2,0.0,0.0,3,5,26,2020,10000,16,0
39,112926,3.9,5,160.0,160.0,3,12,5,2017,5000000,5,2
14,72,5.4,5,0.0,0.0,3,10,22,2018,10000,16,0
28,23,3.4,4,0.0,0.0,3,12,30,2019,5000,11,0
4,46,3.5,2,0.0,0.0,3,1,4,2020,10000,11,0
28,54,3.5,5,0.0,0.0,3,1,1,2020,10000,11,0
4,78,3.5,4,0.0,0.0,3,12,30,2019,10000,11,0
14,880730,-1.0,0,10.0,21600.0,3,6,26,2020,10000000,0,2
3,2030774,53.0,2,120.0,120.0,3,6,26,2020,100000000,11,0
3,9114,53.0,2,110.0,320.0,12,4,25,2020,1000000,14,3
3,2171,90.0,2,240.0,340.0,7,6,13,2020,100000,14,3
0,10,36.0,4,70.0,2150.0,7,12,22,2019,1000,16,0
14,773,20.0,5,0.0,0.0,3,6,17,2020,10000,18,0
31,25873,94.0,2,19.0,19999.0,3,4,3,2019,1000000,11,2
35,27477,40.0,2,0.0,0.0,3,8,4,2016,5000000,6,0
35,12283,80.0,4,0.0,0.0,3,11,16,2016,1000000,6,0
35,5206,89.0,2,75.0,6400.0,16,3,25,2020,1000000,11,4
35,33367,84.0,2,80.0,13100.0,3,4,8,2020,5000000,11,2
35,76300,37.0,2,0.0,0.0,3,7,12,2016,10000000,6,0
35,2512,87.0,2,70.0,7400.0,3,10,6,2017,500000,5,2
35,7787,59.0,2,65.0,11800.0,3,1,22,2020,1000000,11,2
35,7414,96.0,2,65.0,9800.0,3,7,14,2017,1000000,5,2
7,82,2.1,7,0.0,0.0,3,3,13,2018,5000,10,0
14,2587,54.0,2,150.0,150.0,3,6,12,2020,1000000,12,0
35,2797,54.0,2,0.0,0.0,3,12,17,2019,500000,11,0
25,1025896,-1.0,0,25.0,69.0,12,6,18,2020,10000000,0,4
11,144667,79.0,2,320.0,320.0,3,1,31,2020,10000000,16,3
21,81,3.6,2,0.0,0.0,3,10,28,2019,100000,11,1
42,14830,19.0,11,0.0,0.0,3,5,29,2020,1000000,9,0
4,10,8.0,2,0.0,0.0,3,6,22,2020,10000,16,0
12,21535519,-1.0,0,0.0,0.0,12,6,24,2020,500000000,9,5
15,492,4.5,9,0.0,0.0,3,6,20,2020,100000,12,0
8,225,74.0,2,0.0,0.0,3,6,10,2020,10000,14,0
29,678126,-1.0,7,170.0,4950.0,3,6,15,2020,100000000,16,3
30,3845199,218.0,21,119.59,6043.9,3,6,25,2020,500000000,16,2
15,357954,-1.0,0,0.0,0.0,3,3,16,2020,10000000,0,2
39,50084,-1.0,5,220.0,24900.0,12,6,23,2020,10000000,14,0
32,3033286,53.0,0,50.0,7500.0,3,6,8,2020,100000000,11,2
27,210413,6.1,9,0.0,0.0,3,6,26,2020,10000000,16,1
18,31,56.0,2,0.0,0.0,3,6,4,2020,1000,14,0
39,176445,117.0,4,70.0,2499.0,3,6,22,2020,10000000,16,5
12,12537,12.0,2,0.0,0.0,3,3,12,2020,1000000,16,5
15,180,40.0,7,0.0,0.0,12,6,26,2020,10000000,16,2
8,2772,25.0,4,0.0,0.0,3,4,12,2020,500000,19,0
15,1759857,-1.0,0,65.0,1000.0,12,6,26,2020,100000000,0,2
28,22936,44.0,6,0.0,0.0,3,6,10,2020,5000000,11,0
28,4373,44.0,6,0.0,0.0,16,5,13,2020,1000000,11,0
28,1026,43.0,6,0.0,0.0,16,6,8,2020,100000,11,0
8,22,20.0,4,0.0,0.0,3,2,9,2020,1000,14,0
12,21976282,-1.0,0,0.0,0.0,3,6,17,2020,5000000000,0,5
14,45,5.2,4,75.0,75.0,3,5,7,2020,5000,11,0
28,63453,2.3,2,0.0,0.0,12,9,21,2015,10000000,5,0
36,267,18.0,6,0.0,0.0,3,5,29,2020,10000,11,1
15,56,15.0,5,0.0,0.0,16,6,17,2020,5000,11,0
32,5716604,13.0,2,122.45,614.53,12,5,31,2020,100000000,11,3
32,630254,22.0,2,120.0,6700.0,12,5,28,2020,50000000,11,3
28,93091,25.0,2,249.0,249.0,3,8,13,2019,10000000,11,0
8,5015,6.6,6,0.0,0.0,3,12,25,2019,500000,12,0
14,137,5.4,2,0.0,0.0,3,6,30,2019,10000,14,0
17,4316,8.4,2,0.0,0.0,3,6,27,2020,100000,14,0
27,1102,14.0,4,0.0,0.0,3,3,5,2019,50000,10,1
37,93306,16.0,11,10.0,299.0,3,6,2,2020,10000000,9,2
18,26,14.0,2,0.0,0.0,3,10,30,2019,1000,14,0
15,23,18.0,4,0.0,0.0,3,6,21,2020,10000,13,0
14,566,5.8,5,0.0,0.0,3,12,4,2018,100000,10,0
39,2232324,10.0,8,0.0,0.0,3,6,13,2020,100000000,9,0
11,563055,-1.0,0,10.0,14000.0,3,6,26,2020,50000000,0,0
25,5,7.7,5,0.0,0.0,3,6,15,2020,1000,16,0
7,164603,12.0,6,60.0,130.0,3,12,26,2017,10000000,5,3
14,867,18.0,14,0.0,0.0,3,5,25,2020,10000,16,3
36,565866,30.0,2,71.0,11600.0,18,6,16,2020,10000000,13,8
29,329105,6.7,4,60.0,650.0,3,6,25,2020,10000000,11,4
19,5,3.9,4,0.0,0.0,3,7,16,2018,500,11,0
12,1506346,-1.0,0,75.0,26000.0,18,6,24,2020,100000000,0,8
38,230955,-1.0,2,10.0,7900.0,7,2,26,2018,10000000,10,3
15,268825,-1.0,0,10.0,850.0,12,4,20,2020,10000000,0,3
2,1254,-1.0,2,85.0,1250.0,12,4,4,2020,100000,11,0
0,947045,-1.0,6,79.0,3999.0,12,6,22,2020,10000000,14,3
16,298678,31.0,4,0.0,0.0,3,5,15,2020,10000000,13,0
16,223,7.3,2,0.0,0.0,3,1,4,2020,100000,13,0
28,10313,24.0,9,0.0,0.0,12,7,26,2019,1000000,9,0
27,61,37.0,5,45.0,2750.0,16,4,22,2020,1000,16,0
39,44070,12.0,5,55.0,790.0,3,5,9,2019,1000000,11,0
3,39,15.0,4,0.0,0.0,3,10,25,2018,10000,14,0
25,1225,5.2,2,0.0,0.0,3,6,1,2015,100000,4,0
25,3858,4.3,2,0.0,0.0,3,2,27,2017,500000,9,0
28,196,9.5,2,0.0,0.0,3,4,24,2020,1000,12,0
21,3248,23.0,2,0.0,0.0,3,6,7,2020,100000,14,0
39,42,13.0,2,0.0,0.0,3,10,1,2019,5000,14,5
33,3451,-1.0,0,800.0,15000.0,16,11,13,2018,500000,10,2
31,1390081,11.0,6,60.0,850.0,3,5,5,2020,100000000,11,2
31,479,48.0,2,0.0,0.0,3,6,10,2020,500000,11,3
14,147,6.4,2,0.0,0.0,3,10,4,2015,10000,4,0
12,139628,-1.0,2,0.0,0.0,12,6,24,2020,50000000,11,4
21,52,25.0,2,0.0,0.0,3,1,27,2020,1000,16,0
39,150,11.0,2,0.0,0.0,3,1,28,2020,10000,21,0
36,159988,72.0,5,75.0,12400.0,18,6,23,2020,10000000,11,11
8,24,47.0,2,0.0,0.0,3,3,14,2019,1000,9,0
31,399445,66.0,6,75.0,2750.0,3,5,15,2020,10000000,11,2
25,1332825,19.0,5,10.0,500.0,3,6,22,2020,100000000,16,2
8,7,3.4,2,0.0,0.0,3,6,14,2020,500,16,0
14,1333279,30.0,8,0.0,0.0,3,6,18,2020,50000000,16,0
21,59105,-1.0,0,0.0,0.0,3,6,18,2020,1000000,0,4
14,71,3.1,5,0.0,0.0,3,6,21,2020,1000,11,0
14,611,2.6,2,0.0,0.0,3,9,24,2015,10000,4,0
29,20557,27.0,10,350.0,2050.0,3,6,3,2020,1000000,13,0
29,6402,36.0,8,160.0,2050.0,3,6,20,2020,1000000,12,0
29,27425,6.7,2,0.0,0.0,3,1,4,2020,1000000,11,0
29,6363013,30.0,2,65.0,1950.0,12,6,8,2020,100000000,16,3
4,2843241,31.0,4,59.0,5700.0,3,6,25,2020,50000000,11,2
21,8,26.0,5,0.0,0.0,3,6,5,2020,1000,14,0
27,163149,-1.0,4,0.0,0.0,3,6,19,2020,10000000,11,0
33,178002,53.0,23,70.0,6800.0,12,6,25,2020,5000000,18,3
30,1271,3.4,2,150.0,150.0,3,1,22,2019,100000,16,0
28,4119,7.3,10,0.0,0.0,3,7,9,2019,100000,11,0
39,2834,4.8,2,0.0,0.0,3,2,17,2020,100000,16,0
35,7776,98.0,5,80.0,16300.0,16,5,4,2020,100000,12,1
12,56,48.0,6,0.0,0.0,3,2,6,2019,1000,11,0
15,62,14.0,2,0.0,0.0,3,10,1,2019,5000,11,0
16,110,5.7,2,0.0,0.0,3,6,13,2019,1000,9,0
30,296464,-1.0,32,0.0,0.0,3,6,24,2020,10000000,0,12
28,4153,10.0,2,0.0,0.0,3,3,5,2019,500000,16,0
14,77,12.0,2,0.0,0.0,3,11,13,2019,10000,12,0
33,8266,57.0,4,70.0,8300.0,7,6,22,2020,100000,14,0
39,50,25.0,4,0.0,0.0,3,9,12,2019,5000,16,1
28,944657,12.0,5,140.0,140.0,3,6,11,2020,10000000,11,0
16,1090,3.7,5,0.0,0.0,3,3,16,2020,100000,14,0
25,4097,13.0,2,0.0,0.0,3,8,15,2018,100000,11,0
33,353182,48.0,2,70.0,700.0,12,5,8,2020,50000000,14,3
14,86,2.5,6,0.0,0.0,3,2,9,2020,5000,9,0
14,124,7.8,4,0.0,0.0,3,9,2,2019,10000,14,0
14,39,5.0,2,0.0,0.0,3,2,22,2019,10000,12,0
32,1086468,83.0,7,28.0,2828.0,3,5,22,2020,100000000,11,2
29,4496153,71.0,9,30.0,3300.0,3,6,24,2020,100000000,14,3
12,203157,13.0,8,60.16,10300.0,3,6,15,2020,10000000,16,7
34,9884104,22.0,6,0.0,0.0,12,6,24,2020,100000000,14,1
28,886,9.8,4,0.0,0.0,3,12,30,2019,50000,13,0
14,5915,7.3,4,0.0,0.0,3,12,30,2018,100000,11,1
39,332305,1.4,2,105.94,105.94,3,10,25,2019,50000000,4,0
14,59,5.8,2,0.0,0.0,3,10,4,2019,5000,12,0
35,1324,57.0,2,0.0,0.0,3,8,6,2018,500000,9,0
16,2126933,-1.0,0,0.0,0.0,3,6,18,2020,10000000,0,0
28,1920,64.0,2,0.0,0.0,3,6,16,2020,100000,16,1
23,23,3.7,2,0.0,0.0,3,5,31,2020,500,16,5
12,7076,-1.0,0,420.0,2950.0,3,6,22,2020,500000,0,11
42,1263908,59.0,8,65.0,3250.0,3,6,24,2020,50000000,14,2
29,3853245,-1.0,0,65.0,6700.0,3,6,9,2020,100000000,0,9
29,1903781,-1.0,0,65.0,6500.0,3,6,18,2020,100000000,0,14
30,7468,21.0,4,123.92,123.92,3,5,25,2018,500000,14,2
0,261957,88.0,4,52.94,521.48,12,6,8,2020,10000000,11,3
3,31530,20.0,2,0.0,0.0,12,3,1,2017,1000000,5,0
15,863948,-1.0,0,0.0,0.0,12,6,22,2020,50000000,16,1
18,110700,-1.0,0,50.0,26000.0,3,6,22,2020,5000000,0,2
14,11786,9.3,24,750.0,5000.0,3,6,10,2020,500000,14,0
3,108859,3.3,2,0.0,0.0,3,4,3,2020,10000000,11,0
39,357610,2.3,2,0.0,0.0,3,11,10,2019,100000000,9,0
7,78543,11.0,4,58.94,2750.0,12,6,8,2020,1000000,11,3
15,25613,3.5,4,0.0,0.0,3,4,14,2020,5000000,11,0
33,53145,41.0,4,180.0,920.0,3,3,17,2020,5000000,16,3
25,68,22.0,2,0.0,0.0,12,2,13,2020,1000,11,0
39,571015,14.0,7,65.0,65.0,12,6,5,2020,50000000,11,1
14,135,6.5,2,0.0,0.0,3,6,9,2020,10000,10,0
14,33,5.4,2,0.0,0.0,3,6,9,2020,5000,10,0
30,129400,68.0,8,0.0,0.0,3,6,19,2020,10000000,16,4
16,14,12.0,2,0.0,0.0,3,6,2,2020,1000,16,0
38,62501,73.0,2,85.0,8500.0,12,2,19,2019,5000000,11,3
12,1547293,68.0,25,0.0,0.0,12,6,18,2020,100000000,16,1
15,15005,7.2,2,99.0,299.0,16,5,30,2020,1000000,17,0
4,6,5.7,2,0.0,0.0,3,5,29,2020,1000,16,0
30,7010,4.4,2,0.0,0.0,3,4,16,2020,1000000,13,0
39,494303,11.0,5,170.0,1000.0,3,6,12,2020,50000000,9,0
30,188577,4.5,2,20.0,20.0,12,6,24,2020,50000000,11,4
11,141983,9.5,2,70.0,70.0,3,3,9,2020,10000000,11,0
12,324139,12.0,1,190.0,190.0,3,1,7,2020,10000000,16,0
15,158438,16.0,8,0.0,0.0,3,9,11,2019,10000000,14,0
0,6682,52.0,2,170.0,8500.0,12,6,26,2019,100000,11,2
30,2022472,102.0,38,599.0,990.0,3,6,23,2020,500000000,18,3
0,53398929,42.0,2,10.0,9000.0,12,6,16,2020,500000000,10,4
14,9450815,-1.0,0,90.0,10560.0,3,6,23,2020,100000000,0,1
3,30634,57.0,2,0.0,0.0,12,6,8,2020,1000000,11,0
21,978,25.0,6,80.0,1300.0,3,6,22,2020,50000,14,0
8,18,-1.0,0,0.0,0.0,12,2,29,2020,5000,0,5
14,7190,78.0,4,0.0,0.0,3,8,28,2018,500000,10,0
8,16748,4.9,4,0.0,0.0,3,3,3,2020,1000000,11,0
32,6425203,43.0,10,79.0,7900.0,3,6,8,2020,100000000,11,2
8,273,8.6,2,0.0,0.0,3,6,23,2017,100000,14,0
14,1796,5.0,9,0.0,0.0,3,5,6,2019,50000,16,0
36,287841,18.0,2,0.0,0.0,18,6,18,2020,10000000,16,1
14,748,7.5,1,0.0,0.0,3,3,3,2020,10000,14,4
14,731,8.8,5,0.0,0.0,3,6,19,2020,10000,14,0
14,10,12.0,2,99.0,699.0,3,5,12,2020,1000,15,3
14,1370,10.0,4,0.0,0.0,3,6,18,2020,100000,14,4
28,6,5.1,2,0.0,0.0,3,2,7,2020,1000,14,0
33,33968,81.0,2,85.0,8700.0,7,6,24,2020,1000000,14,1
38,367031,78.0,4,320.0,6800.0,12,7,19,2019,5000000,11,3
14,169,43.0,4,520.0,4350.0,3,6,20,2019,10000,11,0
16,345,14.0,2,0.0,0.0,3,6,13,2020,10000,16,0
14,36,-1.0,0,0.0,0.0,3,5,27,2020,10000,0,0
37,602449,-1.0,0,65.0,6700.0,3,6,25,2020,50000000,16,3
27,1248705,-1.0,0,0.0,0.0,12,5,30,2020,100000000,0,1
16,75,21.0,4,0.0,0.0,3,5,26,2020,10000,14,3
30,1561286,-1.0,0,59.82,6200.0,3,6,11,2020,100000000,0,3
25,16,98.0,2,0.0,0.0,16,3,2,2020,1000,10,0
12,376699,26.0,4,10.0,8400.0,3,6,24,2020,10000000,11,0
14,291,4.2,8,0.0,0.0,3,4,18,2018,50000,9,0
36,100708752,-1.0,41,65.0,26000.0,12,6,25,2020,5000000000,0,11
36,14667249,-1.0,0,0.0,0.0,12,6,23,2020,1000000000,0,9
12,3729252,-1.0,34,0.0,0.0,3,6,25,2020,500000000,9,1
12,73158586,-1.0,0,65.0,26000.0,3,6,22,2020,1000000000,0,7
22,189,2.5,2,0.0,0.0,3,11,4,2018,50000,9,0
4,473,5.6,2,800.0,800.0,3,12,4,2019,50000,11,0
4,5549,5.9,2,0.0,0.0,3,5,27,2019,100000,11,0
36,13767,29.0,2,71.0,7000.0,18,6,25,2020,1000000,12,8
15,19582,64.0,2,0.0,0.0,12,6,5,2020,10000000,11,0
8,39,30.0,4,0.0,0.0,3,6,22,2020,1000,12,5
0,438049,96.0,4,85.0,8500.0,16,6,22,2020,50000000,14,3
15,46,98.0,1,0.0,0.0,3,8,27,2018,1000,21,0
0,580,39.0,9,0.0,0.0,3,12,31,2019,100000,11,3
32,3817192,133.0,2,10.0,1600.0,3,6,25,2020,100000000,12,4
40,1384,13.0,5,0.0,0.0,3,6,2,2020,100000,11,0
34,12038817,32.0,9,0.0,0.0,12,6,13,2020,100000000,17,3
8,17622,30.0,14,0.0,0.0,3,6,15,2020,1000000,16,0
12,34,9.3,2,0.0,0.0,3,6,15,2020,10000,11,0
42,81498,32.0,6,0.0,0.0,3,6,16,2020,10000000,16,0
17,8,11.0,6,0.0,0.0,3,6,24,2020,1000,14,0
34,45,7.5,2,0.0,0.0,3,10,28,2019,1000,11,0
21,1305,59.0,2,0.0,0.0,3,3,30,2020,100000,14,0
15,130,50.0,13,0.0,0.0,12,3,9,2020,5000,11,4
8,165,4.7,2,0.0,0.0,3,4,12,2020,5000,14,0
6,64455,16.0,4,0.0,0.0,3,5,17,2020,10000000,12,0
16,1145143,15.0,10,0.0,0.0,3,6,19,2020,10000000,14,2
14,113758,-1.0,0,10.0,26000.0,3,6,26,2020,5000000,0,2
39,8907,24.0,5,0.0,0.0,3,6,12,2020,500000,16,0
30,1424,7.1,2,0.0,0.0,3,5,21,2020,100000,12,0
12,91326,4.6,7,0.0,0.0,3,9,7,2018,5000000,10,1
39,23,14.0,7,2499.0,3850.0,3,5,28,2020,1000,18,0
39,3442,8.8,6,83.78,1700.0,3,2,19,2020,100000,9,0
39,14157,9.1,19,110.91,512.75,3,1,27,2020,500000,16,5
39,98,13.0,2,0.0,0.0,3,3,19,2020,10000,16,0
29,15697,18.0,7,0.0,0.0,3,6,22,2020,1000000,11,0
21,1489256,60.0,24,50.0,12000.0,18,6,23,2020,50000000,16,3
0,308287,37.0,13,75.68,1400.0,16,6,26,2020,50000000,11,3
0,984027,82.0,7,80.0,8900.0,12,6,19,2020,50000000,11,3
33,2508998,76.0,4,131.25,4750.0,3,2,27,2020,100000000,11,2
0,13147918,-1.0,0,64.53,8700.0,18,6,16,2020,100000000,0,2
15,113203,28.0,4,0.0,0.0,12,6,20,2020,10000000,14,1
25,3195455,22.0,10,10.0,2442.32,12,6,18,2020,100000000,11,3
28,17899,2.2,2,0.0,0.0,3,2,23,2019,1000000,11,0
39,7421,10.0,7,170.0,1800.0,3,6,17,2020,1000000,11,0
35,2200374,117.0,14,60.0,12000.0,12,6,25,2020,10000000,16,3
10,200307,25.0,28,10.0,26000.0,12,3,3,2020,10000000,10,7
25,922598,47.0,9,70.0,1150.0,3,6,1,2020,50000000,16,7
25,3161,67.0,5,140.0,620.0,3,6,9,2020,1000000,18,3
39,1231579,6.4,4,0.0,0.0,3,6,4,2020,100000000,11,0
25,169,15.0,5,0.0,0.0,3,12,7,2019,10000,14,0
24,1190207,71.0,2,85.0,6300.0,3,6,15,2020,100000000,16,2
23,11,2.2,2,0.0,0.0,3,6,8,2017,5000,10,0
25,844,4.8,2,200.0,200.0,12,8,8,2019,100000,16,3
21,753,27.0,2,0.0,0.0,12,8,27,2019,50000,10,0
32,3670,21.0,1,0.0,0.0,3,3,20,2020,1000000,11,0
32,41465,28.0,1,0.0,0.0,3,4,21,2020,10000000,12,0
0,1919527,14.0,5,269.0,7900.0,16,5,16,2014,10000000,3,2
33,537152,77.0,2,49.9,5500.0,12,5,13,2020,10000000,10,3
39,39,-1.0,0,0.0,0.0,3,5,22,2020,1000,0,1
14,2191,30.0,1,60.0,650.0,3,6,25,2020,1000000,11,2
14,72588,76.0,5,10.0,2250.0,3,6,25,2020,50000000,11,2
39,245848,6.3,2,0.0,0.0,3,12,7,2017,5000000,11,0
39,109036,-1.0,0,0.0,0.0,3,6,27,2020,100000000,21,0
30,5792696,-1.0,0,65.0,69600.0,3,6,24,2020,5000000000,0,3
8,7675,12.0,43,0.0,0.0,3,6,25,2020,1000000,16,1
18,370701,-1.0,0,0.0,0.0,3,6,25,2020,50000000,0,0
30,234841,1.3,1,0.0,0.0,3,3,9,2018,50000000,16,0
39,544840,-1.0,0,0.0,0.0,3,4,19,2018,100000000,0,0
40,80024,116.0,36,0.0,0.0,3,6,17,2020,100000000,14,4
39,374,-1.0,2,0.0,0.0,3,6,2,2020,10000000,16,0
39,2988334,11.0,2,0.0,0.0,3,6,25,2020,500000000,16,1
16,4653847,14.0,0,0.0,0.0,3,6,18,2020,100000000,16,0
29,26442494,-1.0,0,0.0,0.0,3,6,26,2020,1000000000,0,0
36,6232766,-1.0,13,0.0,0.0,12,5,19,2020,1000000000,16,5
39,375012,-1.0,0,0.0,0.0,3,6,18,2020,100000000,0,5
12,5864853,-1.0,0,0.0,0.0,3,6,24,2020,1000000000,0,1
39,7177042,-1.0,0,0.0,0.0,3,6,5,2020,500000000,0,0
42,872476,-1.0,0,0.0,0.0,12,6,11,2020,50000000,0,1
26,1110595,-1.0,0,0.0,0.0,3,6,25,2020,100000000,0,1
25,1268927,-1.0,0,0.0,0.0,12,6,26,2020,100000000,0,3
39,192735,2.6,9,0.0,0.0,3,10,7,2019,500000000,18,0
39,292406,-1.0,0,0.0,0.0,3,6,9,2020,500000000,0,0
12,7366301,-1.0,0,0.0,0.0,3,6,22,2020,5000000000,0,1
12,34134,9.9,10,0.0,0.0,3,6,6,2018,100000000,1,1
39,15290540,-1.0,0,0.0,0.0,3,6,26,2020,5000000000,0,5
39,5822747,-1.0,0,0.0,0.0,3,6,25,2020,1000000000,0,0
39,100,-1.0,0,0.0,0.0,3,6,17,2020,10000000,18,5
25,4751111,-1.0,0,0.0,0.0,12,5,26,2020,5000000000,0,3
15,10881654,-1.0,0,0.0,0.0,12,5,26,2020,1000000000,0,3
12,4621827,-1.0,0,0.0,0.0,3,6,11,2020,1000000000,0,5
15,254,5.0,2,0.0,0.0,3,6,8,2020,5000000,18,0
42,1428241,-1.0,0,0.0,0.0,12,5,26,2020,5000000000,0,2
39,3338754,-1.0,31,0.0,0.0,3,6,17,2020,1000000000,0,0
42,75345388,-1.0,0,0.0,0.0,12,6,26,2020,5000000000,0,3
15,872,-1.0,4,0.0,0.0,12,6,15,2020,50000000,16,1
40,2604388,-1.0,0,0.0,0.0,3,6,18,2020,100000000,0,1
15,784795,-1.0,0,10.0,1400.0,12,6,26,2020,100000000,0,3
36,451111,32.0,8,29.99,19800.0,18,6,22,2020,10000000,14,7
34,454487,14.0,7,0.0,0.0,3,6,21,2020,10000000,11,0
0,719859,99.0,7,20.0,9500.0,16,5,5,2020,100000000,11,0
39,40,1.6,4,0.0,0.0,3,9,30,2019,10000,14,0
39,3089,1.9,12,0.0,0.0,3,6,18,2020,1000000,9,4
3,5266273,-1.0,4,29.0,3261.41,3,6,8,2020,100000000,11,2
42,26,17.0,2,0.0,0.0,3,6,22,2020,5000,16,0
29,573720,3.3,0,0.0,0.0,3,4,30,2020,50000000,0,0
15,368,48.0,2,480.0,24500.0,18,6,12,2020,50000,16,4
36,5,15.0,2,0.0,0.0,3,5,7,2020,1000,14,0
42,15502,4.5,2,0.0,0.0,3,3,2,2019,1000000,12,0
25,4426,3.6,2,0.0,0.0,12,1,7,2020,500000,11,0
37,18626,59.0,40,15.0,10000.0,12,6,26,2020,1000000,16,4
14,38,6.9,6,0.0,0.0,3,3,12,2020,1000,16,0
38,15438,33.0,2,130.0,650.0,7,6,3,2019,500000,10,3
29,550519,11.0,10,100.0,500.0,3,12,16,2019,10000000,11,0
21,448330,22.0,16,0.0,0.0,3,6,24,2020,10000000,16,0
42,118,9.1,6,0.0,0.0,3,1,9,2017,10000,6,0
8,63,50.0,5,0.0,0.0,3,1,14,2020,10000,16,0
8,162,26.0,17,0.0,0.0,3,9,27,2019,10000,14,0
25,60385,16.0,5,170.0,170.0,3,6,12,2020,1000000,10,3
39,162706,22.0,11,0.0,0.0,3,3,19,2020,10000000,13,0
15,750044,59.0,2,90.0,17900.0,7,6,25,2020,10000000,14,3
14,2196,8.4,5,0.0,0.0,3,10,20,2019,50000,16,0
34,476,11.0,4,0.0,0.0,3,6,19,2020,100000,10,6
8,20,32.0,4,0.0,0.0,3,6,4,2020,5000,16,0
38,5133496,75.0,4,10.0,15500.0,7,6,12,2020,100000000,10,4
29,174,7.7,2,0.0,0.0,3,4,8,2016,10000,9,0
29,254204,-1.0,0,200.0,200.0,3,6,25,2020,10000000,0,0
0,9181266,100.0,2,85.0,4200.0,7,6,26,2020,500000000,11,3
12,6227360,-1.0,0,61.23,26000.0,12,6,20,2020,500000000,0,1
18,132,11.0,2,0.0,0.0,3,3,8,2019,10000,14,0
16,188517,-1.0,9,0.0,0.0,3,6,5,2020,5000000,14,0
8,13,37.0,5,0.0,0.0,3,5,7,2020,5000,16,0
16,2231,18.0,2,0.0,0.0,3,5,27,2019,100000,11,0
22,16941,5.6,2,0.0,0.0,3,6,19,2020,1000000,11,0
4,7,7.5,2,0.0,0.0,3,12,14,2019,10000,10,0
36,101697431,-1.0,0,90.0,450.0,12,6,23,2020,1000000000,0,9
37,23565,30.0,2,170.0,2500.0,12,6,24,2020,10000000,11,3
30,2820511,-1.0,0,65.0,26000.0,3,6,18,2020,100000000,0,4
4,41143,-1.0,0,0.0,0.0,3,6,4,2020,1000000,0,0
4,47119,-1.0,0,0.0,0.0,3,6,27,2020,1000000,0,0
4,46241,5.3,4,0.0,0.0,3,6,25,2020,1000000,16,0
4,10706,9.0,2,139.99,139.99,3,11,8,2019,1000000,11,0
18,237,5.9,2,0.0,0.0,3,6,10,2020,10000,14,0
28,111881,16.0,2,10.0,94.79,3,6,24,2020,10000000,10,2
14,539,19.0,2,0.0,0.0,3,1,5,2019,5000,11,1
39,16469,3.6,4,0.0,0.0,3,3,23,2020,1000000,11,0
28,130,7.8,13,0.0,0.0,3,7,7,2011,10000,3,0
36,1161099,40.0,9,74.99,4499.0,18,6,19,2020,50000000,16,7
13,353565,41.0,9,74.99,21999.0,18,6,19,2020,10000000,16,7
39,6,7.3,2,0.0,0.0,3,5,2,2019,1000,13,0
29,37471,50.0,2,0.0,0.0,12,11,5,2019,5000000,13,1
28,1758,5.8,2,0.0,0.0,3,1,28,2020,500000,14,0
29,1151604,68.0,6,10.0,4100.0,12,6,8,2020,100000000,11,3
25,42,3.8,2,0.0,0.0,12,3,21,2020,10000,11,0
25,29,8.2,2,0.0,0.0,16,10,25,2019,10000,11,0
25,18,129.0,2,0.0,0.0,16,2,2,2020,1000,16,0
21,392,4.4,5,0.0,0.0,3,2,7,2020,50000,11,0
25,201,28.0,2,0.0,0.0,3,12,12,2019,10000,11,0
15,501,-1.0,0,0.0,0.0,3,12,12,2017,100000,10,0
29,225,9.2,2,0.0,0.0,3,9,26,2019,10000,16,0
33,33622,77.0,2,820.0,9800.0,12,5,4,2020,10000000,14,0
15,2965944,14.0,8,0.0,0.0,3,6,17,2020,100000000,14,0
12,1217854,-1.0,7,0.0,0.0,3,3,4,2020,100000000,14,5
25,2357917,-1.0,0,30.0,2700.0,3,6,22,2020,100000000,0,0
15,767433,14.0,2,0.0,0.0,12,6,16,2020,50000000,14,5
15,8,5.4,2,0.0,0.0,12,8,19,2019,500000,17,4
30,8300104,46.0,8,0.0,0.0,3,6,20,2020,100000000,16,0
14,24,6.6,2,0.0,0.0,3,4,28,2020,1000,18,0
21,8669,15.0,6,25.0,25.0,3,6,24,2020,500000,12,0
2,38330,61.0,2,90.0,8900.0,7,6,25,2020,1000000,11,4
0,197860,67.0,11,90.0,8900.0,7,6,25,2020,10000000,11,4
27,114059,-1.0,0,10.0,550.0,3,6,22,2020,5000000,0,0
37,932665,-1.0,0,40.0,6000.0,7,12,11,2019,100000000,0,2
18,6219,3.7,22,0.0,0.0,3,3,15,2016,1000000,10,0
16,1196,81.0,2,0.0,0.0,3,6,13,2020,100000,16,0
16,10831,20.0,2,0.0,0.0,3,11,20,2019,1000000,10,0
16,3945,66.0,2,0.0,0.0,3,6,24,2020,1000000,14,0
11,265813,40.0,8,0.0,0.0,3,5,20,2020,50000000,11,3
29,1732073,-1.0,12,50.0,20500.0,3,6,4,2020,50000000,17,2
3,33085721,129.0,4,70.0,7900.0,3,6,25,2020,1000000000,14,0
11,28910614,-1.0,0,29.0,11900.0,3,6,12,2020,1000000000,11,7
38,130033,100.0,4,79.0,7900.0,7,6,1,2020,10000000,11,3
18,87,6.8,2,0.0,0.0,3,6,11,2020,5000,13,0
18,45,8.0,5,0.0,0.0,3,6,27,2020,500,11,4
35,1406,21.0,2,170.0,170.0,3,5,6,2020,100000,11,0
15,832,7.6,2,0.0,0.0,3,6,13,2020,10000,12,0
19,6,10.0,4,0.0,0.0,3,1,17,2020,1000,14,0
14,210,6.7,4,200.0,200.0,3,2,11,2020,50000,11,3
30,189,6.7,4,360.0,360.0,3,3,15,2020,10000,11,2
21,12,5.1,4,0.0,0.0,12,11,8,2019,1000,12,0
27,44,22.0,1,0.0,0.0,3,10,14,2019,5000,16,0
14,8,7.3,2,0.0,0.0,3,5,16,2020,100,16,0
39,1570,28.0,2,85.0,85.0,3,6,24,2020,100000,11,3
15,167383,39.0,4,0.0,0.0,12,6,22,2020,50000000,14,5
42,986054,47.0,4,80.0,8000.0,12,6,23,2020,100000000,13,8
28,13,5.6,2,0.0,0.0,3,8,17,2018,10000,10,0
14,199135,29.0,27,40.0,15000.0,3,6,26,2020,1000000,14,3
39,20821,8.7,10,330.0,1800.0,3,4,25,2020,1000000,14,0
39,8452,9.4,10,330.0,1800.0,3,6,12,2020,500000,14,2
28,26552,3.7,2,0.0,0.0,3,5,22,2018,1000000,9,0
15,615,4.3,2,0.0,0.0,12,10,23,2019,50000,10,0
15,105,4.7,2,0.0,0.0,12,2,1,2020,10000,10,0
15,102,5.3,2,0.0,0.0,12,2,9,2020,5000,10,0
15,356,5.1,2,0.0,0.0,12,2,12,2020,10000,10,0
15,10,5.0,2,0.0,0.0,12,2,15,2020,1000,10,0
28,172,5.6,2,0.0,0.0,3,3,17,2020,50000,11,0
36,559265,8.6,6,150.0,150.0,3,6,27,2020,50000000,16,0
28,4430596,-1.0,6,30.0,330.0,3,6,24,2020,100000000,0,0
39,14331249,35.0,7,0.0,0.0,3,6,20,2020,1000000000,11,1
21,517,8.2,13,0.0,0.0,3,6,26,2018,100000,10,1
15,2337,5.8,2,0.0,0.0,3,4,26,2019,500000,11,0
15,1506,16.0,2,0.0,0.0,3,6,23,2020,500000,12,5
29,6622962,-1.0,0,0.0,0.0,3,6,26,2020,500000000,0,0
12,119174,-1.0,4,0.0,0.0,3,5,18,2020,10000000,11,1
15,56,16.0,2,0.0,0.0,3,12,4,2019,1000,11,0
39,188295,7.0,6,80.0,1280.0,3,5,18,2020,10000000,14,0
38,872573,-1.0,2,85.0,26000.0,12,6,26,2020,50000000,0,4
34,1234,6.0,6,0.0,0.0,3,5,11,2020,1000000,14,1
21,54948,74.0,9,0.0,0.0,3,6,10,2020,5000000,11,0
21,858,20.0,2,0.0,0.0,3,4,23,2020,500000,11,0
6,5528640,44.0,7,10.0,13500.0,3,5,29,2020,100000000,11,4
28,230307,10.0,8,95.0,399.0,12,2,26,2020,5000000,16,4
29,136455,-1.0,2,0.0,0.0,3,5,17,2020,10000000,0,0
36,140,8.2,5,0.0,0.0,3,2,6,2019,10000,11,0
43,1289056,-1.0,7,50.0,250.06,3,4,15,2019,10000000,9,2
33,2147694,104.0,2,65.0,6700.0,12,6,26,2020,10000000,9,2
8,1613,18.0,4,0.0,0.0,3,6,24,2020,50000,11,0
16,896,10.0,4,0.0,0.0,3,6,5,2020,50000,14,0
15,176174,14.0,2,90.0,5500.0,12,6,20,2020,10000000,16,4
32,379891,114.0,2,20.0,3487.99,12,6,23,2020,50000000,11,2
3,249635,27.0,2,95.0,1300.0,3,6,17,2020,50000000,11,0
30,5142,2.4,2,63.02,63.02,3,5,10,2015,1000000,13,2
25,1337179,-1.0,0,0.0,0.0,3,6,13,2020,50000000,16,0
25,46453,7.4,6,53.55,272.4,12,6,2,2020,1000000,11,3
25,6602,7.1,6,190.0,190.0,12,3,6,2020,100000,11,3
12,727154,57.0,1,0.0,0.0,3,3,21,2019,10000000,16,6
39,1841,15.0,4,0.0,0.0,3,3,16,2020,100000,11,4
29,850941,62.0,7,0.0,0.0,3,5,27,2020,50000000,14,0
31,3150,47.0,2,0.0,0.0,3,6,11,2020,500000,11,3
31,226,47.0,2,0.0,0.0,3,6,24,2020,10000,11,3
8,309,91.0,6,0.0,0.0,3,6,22,2020,50000,16,0
0,742374,87.0,6,15.0,8300.0,18,6,25,2020,50000000,14,3
35,1078866,92.0,6,15.0,8100.0,18,5,18,2020,100000000,11,3
5,555,109.0,4,7900.0,19600.0,3,6,19,2020,10000,14,0
15,60,6.9,2,0.0,0.0,3,5,24,2020,10000,14,0
30,2826,5.0,4,0.0,0.0,3,8,13,2019,5000000,16,5
12,178664,-1.0,0,0.0,0.0,3,6,24,2020,10000000,14,6
30,4956793,-1.0,18,61.49,470.0,3,6,16,2020,1000000000,18,3
37,470940,71.0,2,34.0,6770.12,3,4,4,2020,50000000,11,2
37,2123445,-1.0,0,49.0,5500.0,3,5,28,2020,100000000,11,2
37,19089867,59.0,6,10.0,6770.12,3,6,25,2020,500000000,11,2
34,92,35.0,2,0.0,0.0,3,6,5,2020,10000,16,0
16,3362,4.0,2,0.0,0.0,3,8,22,2019,100000,11,0
15,282,14.0,12,0.0,0.0,3,7,24,2019,100000,10,1
39,939,-1.0,0,0.0,0.0,3,4,23,2019,100000,10,0
42,101,56.0,5,0.0,0.0,3,3,25,2020,10000,11,3
23,39,86.0,5,0.0,0.0,3,2,27,2019,10000,14,0
23,21,-1.0,6,0.0,0.0,3,6,2,2020,5000,18,0
14,169,5.4,2,0.0,0.0,3,2,16,2020,10000,10,0
25,102,83.0,5,0.0,0.0,16,12,21,2019,5000,11,0
16,232,13.0,7,0.0,0.0,3,11,22,2019,10000,12,0
8,5256,19.0,29,0.0,0.0,3,6,18,2020,100000,11,4
16,25028,20.0,2,0.0,0.0,3,5,9,2020,1000000,13,0
0,20196973,99.0,0,10.0,7900.0,7,6,22,2020,100000000,11,3
16,26162,-1.0,0,0.0,0.0,3,4,30,2020,1000000,0,0
42,2009159,15.0,7,0.0,0.0,12,6,23,2020,100000000,16,1
14,15,17.0,2,0.0,0.0,3,7,15,2019,1000,9,2
6,19597,13.0,2,120.0,6200.0,3,11,20,2019,10000000,11,4
8,869893,-1.0,0,58.19,4200.0,3,6,24,2020,100000000,0,3
28,14363,6.1,5,0.0,0.0,3,6,24,2020,1000000,10,0
27,54,8.4,2,80.0,80.0,3,2,8,2020,10000,11,0
40,414526,17.0,19,0.0,0.0,3,5,1,2020,10000000,11,0
40,3420,1.8,33,0.0,0.0,3,5,27,2017,1000000,5,0
39,6492,12.0,8,890.0,1150.0,3,6,23,2020,500000,9,3
18,19023,34.0,10,0.0,0.0,3,6,24,2020,1000000,18,0
11,3349757,-1.0,0,10.0,25000.0,12,6,24,2020,100000000,11,3
6,818448,-1.0,2,10.0,25000.0,3,6,27,2020,50000000,11,4
39,1474,3.8,4,0.0,0.0,3,3,4,2020,5000000,16,2
25,355,6.3,2,220.0,220.0,3,3,3,2020,100000,11,0
25,65,88.0,2,0.0,0.0,3,7,2,2019,10000,9,0
25,1075692,-1.0,0,130.0,130.0,3,3,6,2020,50000000,0,3
8,71,8.3,7,0.0,0.0,3,3,16,2020,10000,18,0
42,9210206,-1.0,0,0.0,0.0,3,6,23,2020,500000000,0,0
34,2786944,-1.0,0,0.0,0.0,3,6,9,2020,50000000,0,0
13,48,8.4,2,0.0,0.0,18,10,30,2017,10000,14,1
27,258867,52.0,6,0.0,0.0,3,1,8,2020,10000000,16,1
36,9241,101.0,4,0.0,0.0,18,12,13,2019,100000,11,8
36,26394,100.0,4,0.0,0.0,12,12,13,2019,100000,11,5
36,784,100.0,4,0.0,0.0,12,12,13,2019,50000,11,5
36,4841,100.0,4,0.0,0.0,12,12,13,2019,100000,11,5
11,1369676,9.9,2,53.14,6010.4,3,7,14,2019,10000000,6,6
15,682622,-1.0,0,75.0,3700.0,12,6,19,2020,50000000,0,1
15,122439,14.0,5,0.0,0.0,12,4,28,2020,10000000,11,5
33,20365,78.0,2,70.0,7400.0,12,6,18,2020,500000,12,3
0,581402,98.0,2,70.0,6700.0,12,6,23,2020,10000000,11,3
2,493272,80.0,2,65.0,6500.0,16,5,27,2020,10000000,14,1
15,9183299,56.0,9,500.0,821.73,12,6,25,2020,500000000,16,0
15,659,-1.0,0,0.0,0.0,12,6,18,2020,10000000,0,0
8,1169559,-1.0,8,80.0,2500.0,3,6,15,2020,50000000,0,3
14,152,5.4,2,0.0,0.0,3,5,30,2020,10000,16,0
29,676540,46.0,7,0.0,0.0,12,6,23,2020,50000000,14,4
14,6,18.0,6,0.0,0.0,3,4,22,2020,100,14,0
33,184019,93.0,1,65.0,6300.0,7,2,27,2020,1000000,9,3
33,66241,66.0,2,85.0,6900.0,7,6,24,2020,1000000,14,1
42,2786301,87.0,6,56.11,2321.66,3,5,27,2020,100000000,16,3
2,13347738,-1.0,1,29.0,7900.0,3,6,25,2020,100000000,16,11
14,21729,9.6,14,0.0,0.0,3,6,24,2020,500000,11,0
20,17,17.0,2,0.0,0.0,3,3,4,2020,1000,16,0
30,190348,19.0,4,0.0,0.0,3,6,22,2020,10000000,11,0
29,1181775,-1.0,0,0.0,0.0,3,4,14,2020,100000000,0,0
0,1480069,-1.0,5,799.0,799.0,3,12,19,2019,100000000,14,2
33,154,95.0,1,0.0,0.0,12,1,1,2018,5000,9,0
36,98,13.0,8,0.0,0.0,16,11,4,2018,10000,10,0
0,76006,89.0,4,15.0,9600.0,18,5,28,2020,10000000,11,0
25,30,1.4,2,60.0,310.0,3,8,8,2018,5000,10,2
39,82,2.3,3,0.0,0.0,3,6,9,2020,10000,13,0
14,195,18.0,6,0.0,0.0,3,2,13,2020,5000,14,0
25,22896,-1.0,0,60.0,950.0,3,6,19,2020,5000000,0,4
27,1420,7.8,2,0.0,0.0,3,10,14,2019,50000,9,0
9,230656,-1.0,0,10.0,25000.0,3,4,17,2020,10000000,0,4
10,1458801,-1.0,0,10.0,26000.0,12,4,20,2020,50000000,0,3
28,2404661,-1.0,0,90.0,1900.0,3,5,11,2020,100000000,0,4
0,500118,99.0,2,80.0,7900.0,12,6,19,2020,10000000,13,3
32,352453,-1.0,4,45.0,11900.0,3,6,11,2020,10000000,11,10
22,1426132,26.0,7,0.0,0.0,3,6,24,2020,100000000,11,0
34,2032688,14.0,16,0.0,0.0,12,6,20,2020,100000000,11,3
0,62,73.0,2,85.0,85.0,16,4,8,2020,10000,12,0
40,546,14.0,2,65.0,65.0,3,10,12,2019,50000,11,0
21,3611,5.1,5,0.0,0.0,3,10,22,2019,500000,9,0
27,255999,12.0,9,0.0,0.0,3,6,17,2020,50000000,0,0
12,3277439,-1.0,0,0.0,0.0,3,6,25,2020,100000000,0,7
12,235179,-1.0,0,0.0,0.0,3,6,26,2020,10000000,0,7
12,6975659,-1.0,0,0.0,0.0,3,5,30,2020,100000000,0,7
12,602500,-1.0,0,0.0,0.0,3,5,29,2020,50000000,0,7
14,154,14.0,2,0.0,0.0,3,4,18,2018,10000,11,2
42,157827,71.0,14,0.0,0.0,3,5,29,2020,10000000,16,0
39,5393,9.7,8,170.0,1800.0,3,6,17,2020,500000,11,0
26,224970,52.0,4,270.0,270.0,3,6,19,2020,50000000,11,0
12,51,11.0,1,0.0,0.0,3,12,28,2019,5000,14,0
0,57215,42.0,4,35.0,8300.0,3,6,5,2020,10000000,11,3
14,3062,8.2,4,0.0,0.0,3,4,28,2020,100000,9,0
0,509,72.0,2,160.0,8200.0,16,6,26,2019,50000,5,3
15,752044,47.0,4,85.0,1450.0,3,9,28,2019,100000000,14,3
11,12007966,93.0,6,85.0,8600.0,3,6,24,2020,500000000,14,3
11,1018089,100.0,2,85.0,8600.0,3,3,12,2020,100000000,14,2
11,2624422,110.0,4,85.0,8600.0,3,6,11,2020,100000000,14,2
11,16250955,92.0,7,45.0,8600.0,3,6,17,2020,500000000,14,3
11,280106,85.0,2,170.0,8600.0,3,6,3,2020,10000000,14,3
15,1719432,53.0,5,85.0,850.0,3,3,23,2020,100000000,14,3
15,1841155,-1.0,4,85.0,1700.0,3,6,24,2020,100000000,14,3
11,2084769,55.0,5,60.0,850.0,3,6,15,2020,100000000,14,4
15,3301072,55.0,7,85.0,2150.0,3,4,15,2019,100000000,11,3
14,28,3.2,2,0.0,0.0,3,5,13,2019,1000,10,0
21,26730,5.9,8,0.0,0.0,3,6,12,2020,1000000,16,0
21,65,5.7,8,0.0,0.0,3,6,12,2020,1000,16,0
40,528174,18.0,7,0.0,0.0,3,6,23,2020,10000000,11,0
36,841683,90.0,6,70.0,13800.0,18,6,23,2020,10000000,16,5
4,9,9.7,2,0.0,0.0,3,1,23,2020,5000,11,0
28,13,7.4,2,0.0,0.0,3,1,13,2020,5000,11,0
28,6,6.1,2,0.0,0.0,3,1,5,2020,5000,11,0
4,14,6.0,2,0.0,0.0,3,1,22,2020,10000,11,0
21,29,24.0,2,0.0,0.0,12,7,14,2019,10000,10,1
21,16,15.0,2,0.0,0.0,12,4,8,2019,5000,10,1
21,26,31.0,2,0.0,0.0,3,6,27,2019,10000,10,0
36,311673,-1.0,6,30.0,150.0,3,6,5,2020,10000000,0,0
36,113574,43.0,2,69.0,24900.0,18,6,11,2020,10000000,16,8
8,22982,54.0,43,0.0,0.0,3,6,27,2020,1000000,16,0
16,169587,32.0,5,0.0,0.0,3,6,22,2020,10000000,13,0
39,259462,6.8,10,130.0,130.0,3,5,15,2020,50000000,9,0
35,233519,45.0,2,250.0,250.0,3,3,16,2020,50000000,11,0
4,135976,13.0,4,139.0,139.0,3,6,18,2020,5000000,11,0
4,230148,15.0,4,80.0,139.0,3,6,18,2020,10000000,10,0
39,486,6.6,12,0.0,0.0,3,6,13,2020,100000,10,0
16,4701449,35.0,6,0.0,0.0,3,6,22,2020,100000000,13,0
16,132462,-1.0,1,0.0,0.0,3,6,20,2020,5000000,14,0
39,279,19.0,2,0.0,0.0,3,1,3,2020,10000,11,0
39,145,17.0,2,0.0,0.0,3,3,27,2020,10000,16,0
15,111664,-1.0,0,0.0,0.0,3,6,16,2020,10000000,0,3
29,9615202,-1.0,0,20.0,8200.0,12,6,27,2020,500000000,0,4
21,261161,41.0,9,74.99,4499.0,18,6,19,2020,10000000,16,7
28,375786,19.0,6,63.09,1334.48,3,12,21,2018,10000000,11,0
21,6592024,-1.0,0,0.0,0.0,12,6,23,2020,100000000,0,1
36,17528,2.3,2,0.0,0.0,12,6,12,2020,1000000,11,1
39,13367,11.0,8,160.0,1750.0,3,6,23,2020,100000,11,2
35,235374,74.0,5,65.7,6700.0,12,4,21,2017,5000000,10,2
1,130371,83.0,5,250.0,399.0,3,2,24,2020,50000000,11,0
1,5125,104.0,4,250.0,250.0,3,2,4,2019,5000000,11,0
0,2688562,-1.0,0,79.0,6400.0,7,8,1,2019,100000000,0,2
42,363954,17.0,4,85.0,365.0,3,6,26,2020,10000000,12,0
11,9132824,146.0,6,35.0,7900.0,3,6,18,2020,100000000,12,2
11,8363403,154.0,5,40.0,7900.0,3,6,17,2020,100000000,12,3
11,7566416,142.0,9,10.0,7900.0,3,6,25,2020,100000000,12,3
15,165639,-1.0,10,65.0,9600.0,3,6,24,2020,10000000,0,2
35,77276,148.0,2,250.0,250.0,18,5,7,2020,10000000,14,0
12,515909,22.0,42,65.0,6500.0,3,6,25,2020,50000000,9,8
14,39543,92.0,2,79.0,380.0,3,5,27,2020,10000000,12,0
18,57,22.0,4,1650.0,8700.0,3,5,18,2020,10000,14,0
42,23,20.0,4,0.0,0.0,3,1,21,2019,1000,9,0
36,8,31.0,5,0.0,0.0,3,12,4,2019,1000,12,1
39,11342,39.0,6,0.0,0.0,3,12,5,2019,500000,16,0
42,2602,11.0,4,0.0,0.0,3,12,26,2019,1000000,12,0
42,3973,12.0,4,85.0,85.0,3,3,27,2020,1000000,12,0
12,10,25.0,4,0.0,0.0,3,4,30,2020,1000,11,5
39,246789,15.0,4,10.0,199.0,3,2,6,2020,10000000,11,4
34,817183,-1.0,0,0.0,0.0,12,6,25,2020,10000000,0,11
27,506085,8.1,4,0.0,0.0,12,6,25,2020,10000000,16,1
17,21,26.0,2,0.0,0.0,3,3,26,2020,5000,16,0
15,45,8.9,5,0.0,0.0,3,5,29,2020,1000,14,0
14,68,5.2,4,0.0,0.0,3,6,11,2020,100,12,0
39,7,14.0,2,0.0,0.0,3,11,20,2019,5000,14,0
14,10,-1.0,2,0.0,0.0,3,6,8,2020,100,11,0
8,17,32.0,18,0.0,0.0,3,9,20,2019,5000,14,0
12,5,5.4,6,0.0,0.0,3,3,12,2019,1000,11,0
12,133,6.7,6,0.0,0.0,12,11,7,2019,100000,11,1
8,225,16.0,2,0.0,0.0,3,6,19,2019,10000,11,0
42,1647,13.0,4,0.0,0.0,3,5,2,2019,100000,11,0
2,14115064,91.0,4,30.0,13000.0,7,6,25,2020,100000000,14,4
14,118,3.4,2,0.0,0.0,3,4,19,2020,10000,14,0
15,250928,7.1,7,0.0,0.0,12,2,14,2020,10000000,14,0
36,376404,20.0,8,0.0,0.0,12,6,11,2020,50000000,13,1
34,36,8.9,4,0.0,0.0,3,7,8,2016,10000,10,4
42,98028,31.0,5,55.0,3050.0,3,6,18,2020,5000000,14,0
42,1154810,29.0,5,55.0,3050.0,3,3,31,2020,10000000,14,0
30,2747120,26.0,5,55.0,3050.0,3,6,4,2020,100000000,14,0
14,53408,37.0,2,0.0,0.0,3,6,19,2020,10000000,11,0
16,88,12.0,6,0.0,0.0,3,1,2,2020,1000,14,0
14,10496,-1.0,0,0.0,0.0,3,6,24,2020,100000,0,0
11,3299,101.0,2,0.0,0.0,3,12,23,2019,100000,14,0
39,6562,-1.0,0,0.0,0.0,3,12,26,2019,50000000,0,0
39,8965,-1.0,0,0.0,0.0,3,12,26,2019,10000000,0,0
14,3090,25.0,6,0.0,0.0,3,5,27,2020,100000,19,1
36,4241,6.3,4,0.0,0.0,12,7,12,2019,500000,16,1
16,423924,24.0,2,0.0,0.0,3,6,22,2020,50000000,14,0
32,1635,34.0,1,0.0,0.0,3,6,13,2015,100000,5,0
31,80,29.0,2,0.0,0.0,3,7,29,2019,1000,10,0
33,350372,80.0,1,39.0,26000.0,12,6,10,2020,10000000,14,3
36,121218,60.0,2,55.0,20200.0,18,6,19,2020,10000000,16,7
25,531303,24.0,18,0.0,0.0,3,6,11,2020,500000000,16,0
12,1736632,-1.0,13,0.0,0.0,3,6,19,2020,1000000000,0,6
39,166896,31.0,37,520.0,6200.0,3,6,21,2020,10000000,11,0
0,49618,43.0,2,190.0,190.0,3,6,25,2020,10000000,11,3
36,3841817,-1.0,8,52.33,26000.0,16,6,26,2020,100000000,16,8
25,3788032,-1.0,0,0.0,0.0,12,6,23,2020,100000000,0,0
29,269055,-1.0,0,0.0,0.0,3,1,13,2017,10000000,0,0
42,11725,5.5,7,0.0,0.0,3,3,20,2020,5000000,16,0
34,563340,15.0,5,0.0,0.0,3,6,26,2020,50000000,11,0
31,77,-1.0,0,0.0,0.0,3,11,4,2017,10000,0,0
14,6935,9.3,10,0.0,0.0,3,6,6,2020,100000,11,0
12,118651,69.0,11,0.0,0.0,3,4,13,2020,10000000,14,0
12,11154068,-1.0,0,0.0,0.0,3,6,18,2020,1000000000,0,5
4,29,5.5,2,0.0,0.0,3,1,31,2020,10000,16,0
39,162694,8.8,2,39.0,39.0,3,6,2,2020,10000000,11,2
36,22637075,61.0,12,0.0,0.0,12,6,23,2020,1000000000,14,7
34,1852712,16.0,9,0.0,0.0,3,6,24,2020,100000000,11,1
38,1425309,99.0,7,54.29,8200.0,3,6,3,2020,50000000,14,2
29,2727,14.0,2,0.0,0.0,3,6,16,2020,1000000,17,0
39,1430,5.6,1,0.0,0.0,3,3,22,2020,100000,11,0
14,467303,12.0,5,70.0,2800.0,12,6,25,2020,5000000,11,1
14,77389,6.2,6,0.0,0.0,3,8,15,2019,1000000,10,1
15,1197321,26.0,7,10.0,2300.0,12,6,24,2020,100000000,14,0
21,433,8.4,14,0.0,0.0,3,6,26,2018,100000,10,1
36,46,12.0,9,0.0,0.0,16,11,4,2018,10000,10,0
36,215,13.0,8,0.0,0.0,16,11,4,2018,50000,10,0
14,280,21.0,4,0.0,0.0,3,2,11,2020,10000,14,3
14,3701,6.1,5,0.0,0.0,3,12,11,2019,100000,13,0
32,644924,-1.0,6,10.0,4800.0,3,6,26,2020,50000000,12,2
25,19138732,-1.0,0,0.0,0.0,12,6,26,2020,500000000,0,5
36,823985,74.0,11,80.0,5500.0,12,6,22,2020,100000000,10,5
42,19095,5.8,2,0.0,0.0,3,5,30,2019,1000000,11,0
42,1360504,99.0,7,0.0,0.0,3,7,8,2019,100000000,16,2
15,203975,-1.0,0,0.0,0.0,12,6,19,2020,10000000,0,0
38,52836535,147.0,15,79.0,7900.0,7,6,24,2020,500000000,11,3
11,11474288,124.0,44,79.0,7900.0,3,4,16,2020,100000000,11,3
14,44,2.3,2,0.0,0.0,3,1,26,2019,10000,9,0
12,104,3.6,9,0.0,0.0,3,3,13,2020,10000,7,9
25,43,41.0,2,0.0,0.0,16,11,20,2019,5000,14,0
14,146,6.4,4,0.0,0.0,3,4,7,2020,50000,11,0
29,52290,30.0,4,80.0,2700.0,3,6,24,2020,10000000,16,0
15,88,1.8,2,0.0,0.0,3,9,5,2017,5000,10,0
12,1099,3.9,4,0.0,0.0,3,10,24,2019,50000,9,1
11,142085,75.0,2,56.0,282.2,3,9,2,2019,10000000,14,3
15,416,48.0,13,490.0,9500.0,16,5,13,2020,100000,14,4
14,6286,78.0,6,60.0,250.0,3,9,9,2019,1000000,10,0
14,5015,76.0,20,80.0,320.0,3,6,25,2020,1000000,10,2
0,2060,25.0,2,80.0,4100.0,16,5,10,2019,100000,5,3
32,781603,-1.0,0,33.49,4900.0,12,6,15,2020,10000000,0,2
14,108,27.0,2,0.0,0.0,3,11,20,2018,10000,18,1
15,3035,5.0,2,0.0,0.0,3,6,2,2020,500000,16,0
7,29,3.9,2,0.0,0.0,3,3,15,2018,10000,11,0
10,1370435,-1.0,7,10.0,26000.0,12,6,26,2020,50000000,11,3
16,12356,-1.0,0,0.0,0.0,3,5,25,2020,500000,0,0
0,29728539,50.0,1,10.0,16300.0,16,5,7,2020,100000000,13,3
0,5306001,53.0,1,10.0,8500.0,16,5,13,2020,100000000,10,1
25,127,19.0,8,0.0,0.0,12,4,1,2020,10000,12,1
15,153619,32.0,4,10.0,4950.0,3,6,27,2020,10000000,14,3
39,514991,12.0,6,50.0,100.0,3,6,16,2020,50000000,11,0
30,7739,35.0,2,0.0,0.0,3,5,11,2020,500000,16,0
21,6167,30.0,7,0.0,0.0,3,5,16,2020,100000,16,0
25,35745,4.8,2,0.0,0.0,12,2,29,2020,5000000,16,0
39,7472,4.3,10,0.0,0.0,3,5,30,2020,5000000,10,0
6,347094,6.6,39,0.0,0.0,3,12,18,2018,50000000,9,0
27,142405,15.0,6,0.0,0.0,3,6,22,2020,50000000,11,1
21,3913744,67.0,13,29.0,25100.0,18,6,24,2020,100000000,18,7
6,899,46.0,5,70.0,3100.0,3,8,30,2019,500000,17,4
1,32033,-1.0,2,70.0,6600.0,7,5,12,2020,1000000,11,2
12,3700,41.0,4,0.0,0.0,3,6,19,2020,500000,18,5
42,27343,19.0,9,0.0,0.0,3,6,8,2020,5000000,14,0
39,179,-1.0,0,0.0,0.0,3,5,29,2020,10000,0,5
14,256,12.0,5,0.0,0.0,3,6,17,2020,10000,14,3
11,180443,67.0,6,15.0,21800.0,18,6,13,2020,10000000,11,3
39,33580,4.2,2,65.0,65.0,3,5,4,2019,1000000,10,0
32,2851773,31.0,9,80.0,8300.0,3,6,18,2020,100000000,12,2
30,3524924,51.0,9,0.0,0.0,3,6,25,2020,500000000,16,0
30,21,16.0,2,0.0,0.0,3,6,8,2020,1000,16,1
39,1373,7.3,7,0.0,0.0,3,5,30,2020,100000,10,0
21,2191,16.0,2,0.0,0.0,12,8,15,2019,500000,10,0
30,1122,15.0,6,0.0,0.0,3,3,13,2020,50000,10,0
28,402970,16.0,6,0.0,0.0,3,6,18,2020,50000000,16,0
28,222504,18.0,6,0.0,0.0,3,6,18,2020,50000000,16,0
39,160,12.0,2,0.0,0.0,3,2,13,2019,10000,12,0
28,728,12.0,2,0.0,0.0,3,10,16,2019,100000,12,0
12,13059993,-1.0,0,30.0,5000.0,3,6,25,2020,500000000,0,3
14,140,3.8,2,0.0,0.0,3,12,7,2019,10000,14,0
36,3464304,25.0,18,0.0,0.0,12,6,24,2020,100000000,16,1
35,155114,78.0,35,65.0,1300.0,16,6,2,2020,10000000,11,3
35,181958,72.0,35,65.0,1300.0,12,6,2,2020,10000000,11,3
36,847,3.1,4,250.0,17900.0,18,6,11,2020,100000,12,1
15,2078439,-1.0,0,30.0,499.0,16,6,19,2020,100000000,0,2
27,15553898,-1.0,0,0.0,0.0,12,6,23,2020,500000000,0,5
27,100420,1.3,4,0.0,0.0,12,4,30,2020,10000000,16,5
39,1273,9.6,11,0.0,0.0,3,5,22,2020,10000,18,0
14,5,6.9,5,0.0,0.0,3,2,6,2020,100,11,0
12,4492349,47.0,14,0.0,0.0,12,5,22,2020,100000000,14,5
27,904603,12.0,5,0.0,0.0,3,10,22,2019,100000000,9,0
42,751796,36.0,4,10.0,1000.0,12,6,22,2020,100000000,11,5
36,79876,12.0,4,0.0,0.0,3,5,25,2020,50000000,11,0
16,30,11.0,2,0.0,0.0,3,5,28,2019,10000,11,1
12,195059,-1.0,2,0.0,0.0,3,6,16,2020,10000000,11,5
29,584346,35.0,6,170.0,5000.0,12,6,17,2020,100000000,11,8
8,71,1.9,2,0.0,0.0,3,9,4,2019,10000,10,0
15,21,9.5,21,0.0,0.0,3,6,3,2020,1000,13,0
16,319,32.0,2,0.0,0.0,3,6,7,2020,10000,11,0
36,538550,-1.0,0,50.0,11100.0,18,6,23,2020,10000000,0,7
3,2988,68.0,2,160.0,8200.0,16,4,25,2019,500000,5,3
8,10,48.0,2,0.0,0.0,3,6,25,2020,1000,14,1
30,260,5.9,2,0.0,0.0,3,3,16,2020,10000,12,0
11,347,50.0,2,0.0,0.0,12,5,1,2020,500000,11,0
39,652,19.0,2,0.0,0.0,3,6,3,2020,10000,14,0
42,4400494,11.0,8,179.99,179.99,3,6,4,2020,100000000,16,2
14,213,12.0,4,0.0,0.0,3,7,29,2019,1000,14,0
14,33,6.2,2,0.0,0.0,3,4,4,2018,10000,4,1
1,14192,19.0,2,0.0,0.0,3,2,5,2018,1000000,5,0
1,14580,-1.0,0,120.0,120.0,3,6,18,2020,1000000,11,2
8,124,15.0,7,0.0,0.0,3,5,31,2020,100000,16,1
18,10631,33.0,6,0.0,0.0,3,6,23,2020,1000000,14,5
29,6211253,-1.0,9,170.0,1750.0,3,4,29,2020,100000000,0,4
8,572,15.0,5,0.0,0.0,3,3,19,2020,10000,16,4
12,13841755,-1.0,0,60.0,8700.0,12,6,25,2020,500000000,0,11
28,17771,16.0,2,89.99,599.0,3,6,15,2020,5000000,14,0
36,259615,61.0,2,65.0,13830.0,18,6,21,2020,10000000,16,8
15,63521,-1.0,0,50.0,5800.0,12,5,23,2020,1000000,16,2
16,601,7.4,6,0.0,0.0,3,3,31,2019,100000,9,0
16,11723,2.8,6,0.0,0.0,3,3,31,2019,1000000,11,0
14,84,21.0,2,0.0,0.0,3,3,3,2020,5000,14,0
21,20,14.0,4,0.0,0.0,3,6,13,2019,5000,14,1
39,21575,6.0,2,0.0,0.0,3,8,13,2019,5000000,10,0
36,298398,44.0,6,85.0,7600.0,12,6,22,2020,50000000,16,1
36,7204596,-1.0,0,40.0,10500.0,12,6,25,2020,100000000,0,3
42,43468,1.6,19,0.0,0.0,3,10,20,2018,10000000,5,0
14,13582,8.8,32,0.0,0.0,3,6,16,2020,500000,21,0
35,52691,37.0,4,65.0,690.0,7,6,16,2020,10000000,11,3
35,92866,47.0,5,70.0,1350.0,3,6,25,2020,50000000,11,2
22,540,23.0,4,0.0,0.0,3,4,24,2020,100000,14,0
39,159188,12.0,4,700.0,2500.0,3,4,26,2020,10000000,16,3
14,31,3.8,2,0.0,0.0,3,5,16,2020,5000,16,0
15,157085,53.0,4,85.0,1700.0,12,6,25,2020,10000000,16,3
28,396274,-1.0,0,15.0,1000.0,3,6,26,2020,50000000,0,3
4,166,5.1,7,0.0,0.0,3,1,20,2020,10000,13,0
36,295490,-1.0,0,11.0,17200.0,18,6,26,2020,10000000,0,3
31,1204985,89.0,2,85.0,8400.0,3,6,26,2020,100000000,14,0
16,93,12.0,2,0.0,0.0,3,11,16,2019,1000,14,0
32,1255,34.0,2,0.0,0.0,3,6,28,2018,100000,11,0
4,69976,-1.0,0,0.0,0.0,3,6,26,2020,1000000,0,0
12,115511064,-1.0,4,0.0,0.0,3,6,24,2020,5000000000,10,3
12,2236083,-1.0,4,0.0,0.0,3,6,24,2020,100000000,10,5
40,2425607,11.0,8,0.0,0.0,3,6,24,2020,100000000,11,0
25,13,20.0,5,0.0,0.0,3,6,8,2018,1000,11,0
0,1427847,29.0,2,180.0,9400.0,3,6,26,2020,100000000,17,2
14,136,3.7,6,0.0,0.0,3,8,30,2019,5000,11,0
18,22,1022.0,2,0.0,0.0,3,7,13,2015,5000,7,1
39,1270,5.1,2,350.0,1400.0,3,4,2,2020,100000,10,3
32,1063362,16.0,4,121.86,6115.0,3,5,10,2019,100000000,9,3
3,1039209,20.0,2,121.86,6115.0,16,11,14,2019,50000000,9,2
28,10,13.0,2,0.0,0.0,3,12,5,2019,5000,10,0
17,16,22.0,2,0.0,0.0,3,7,23,2019,1000,14,0
15,778508,15.0,6,0.0,0.0,12,6,25,2020,10000000,16,0
28,291,4.3,2,0.0,0.0,3,2,26,2020,50000,16,0
39,1249,8.5,4,420.0,420.0,3,6,7,2020,100000,16,4
12,8026,1.2,5,0.0,0.0,3,6,13,2020,1000000,9,5
18,1128417,101.0,6,0.0,0.0,3,6,18,2020,50000000,14,5
39,714921,-1.0,0,0.0,0.0,3,5,27,2020,100000000,14,0
20,6670,51.0,26,0.0,0.0,3,3,2,2020,1000000,11,0
25,5,70.0,4,0.0,0.0,3,1,17,2020,100,11,0
29,12395,15.0,5,130.0,500.0,3,6,22,2020,1000000,13,0
28,1678800,-1.0,0,0.0,0.0,3,6,24,2020,100000000,0,9
14,573912,-1.0,0,90.0,180.0,3,6,12,2020,50000000,0,0
14,2162,-1.0,2,0.0,0.0,3,9,16,2019,1000000,11,4
4,137,4.2,14,0.0,0.0,3,3,18,2020,10000,11,0
4,28,4.2,16,0.0,0.0,3,3,18,2020,5000,11,0
4,31,4.2,10,0.0,0.0,3,3,18,2020,10000,11,0
4,59,4.2,10,0.0,0.0,3,3,18,2020,10000,11,0
4,90,4.2,16,0.0,0.0,3,5,2,2020,10000,11,0
25,54,6.8,2,0.0,0.0,3,5,9,2020,1000,16,0
39,263043,-1.0,6,60.0,5400.0,12,6,24,2020,50000000,14,1
39,35608,-1.0,5,60.0,9400.0,3,6,24,2020,10000000,16,0
36,4807385,-1.0,5,10.0,25200.0,12,6,23,2020,100000000,13,5
27,1436,-1.0,0,0.0,0.0,3,6,9,2017,100000,0,0
36,5241,28.0,2,69.0,24900.0,18,6,17,2020,1000000,16,8
18,483,8.0,4,0.0,0.0,3,5,18,2020,10000,14,0
3,499,15.0,2,0.0,0.0,3,1,17,2020,100000,8,0
7,92,2.9,2,0.0,0.0,3,10,19,2019,10000,9,0
3,218,55.0,2,0.0,0.0,3,2,14,2020,50000,9,0
31,174,14.0,2,0.0,0.0,3,5,29,2019,50000,11,0
18,28796,56.0,4,900.0,6300.0,3,6,15,2020,1000000,16,2
3,25266,28.0,2,85.0,4200.0,7,7,29,2019,1000000,11,3
3,1513,69.0,2,85.0,8300.0,12,4,6,2020,100000,14,3
30,34,2.5,1,0.0,0.0,3,4,7,2018,5000,10,0
7,40738,21.0,10,59.0,5000.0,12,6,19,2020,1000000,11,2
39,60416,166.0,17,0.0,0.0,3,5,7,2020,50000000,11,0
36,21044657,90.0,18,80.0,8300.0,12,6,24,2020,1000000000,11,1
42,526251,32.0,6,0.0,0.0,12,6,22,2020,100000000,11,5
0,434,50.0,2,0.0,0.0,3,11,21,2019,50000,9,0
0,17713,95.0,2,170.0,5900.0,16,5,22,2019,1000000,5,3
28,63,8.9,2,0.0,0.0,12,6,9,2019,10000,16,1
32,6844,93.0,2,0.0,0.0,16,4,12,2017,500000,5,0
34,1252957,31.0,9,0.0,0.0,12,6,25,2020,100000000,12,1
14,17946,-1.0,0,490.0,11700.0,3,6,14,2020,1000000,0,4
40,280451,7.7,15,0.0,0.0,3,5,11,2020,10000000,12,0
40,1630039,15.0,5,0.0,0.0,3,6,25,2020,10000000,16,7
14,364,11.0,2,490.0,11700.0,3,3,27,2020,10000,16,3
27,118,11.0,2,0.0,0.0,3,9,4,2019,10000,10,0
31,461,930.0,2,0.0,0.0,3,2,15,2016,10000,3,0
28,801,13.0,2,0.0,0.0,3,1,10,2020,50000,11,0
39,1223,13.0,2,139.99,139.99,3,1,14,2020,100000,11,3
22,96,1.1,2,0.0,0.0,3,5,29,2016,10000,4,0
39,4703,4.0,6,0.0,0.0,3,3,28,2020,500000,6,0
12,202,14.0,4,0.0,0.0,3,3,8,2019,10000,16,0
39,188,710.0,2,0.0,0.0,3,5,23,2018,10000,6,0
42,21351,8.8,4,110.0,240.0,3,3,23,2020,10000000,11,0
42,38456,9.7,2,0.0,0.0,3,6,22,2020,10000000,17,0
14,35,3.0,21,0.0,0.0,3,4,18,2020,1000,17,0
25,26637,43.0,2,131.94,26000.0,18,2,26,2020,1000000,17,3
14,30,7.6,2,0.0,0.0,3,2,20,2020,5000,11,5
28,177,9.8,2,0.0,0.0,3,1,12,2019,10000,7,1
42,147184,8.4,2,190.0,190.0,3,5,24,2020,10000000,14,0
37,780,-1.0,5,0.0,0.0,3,12,6,2019,100000,0,7
16,15578,43.0,4,0.0,0.0,3,6,15,2020,1000000,14,0
30,216900,-1.0,0,0.0,0.0,3,3,9,2020,10000000,0,0
34,3981,23.0,6,0.0,0.0,3,6,23,2020,500000,13,0
16,150,13.0,4,0.0,0.0,3,5,28,2018,10000,6,5
42,277657,9.0,2,0.0,0.0,12,5,24,2020,100000000,17,0
39,3930055,-1.0,5,65.0,3400.0,3,6,13,2020,100000000,0,0
22,887,23.0,7,0.0,0.0,3,4,16,2020,100000,11,0
42,136963,8.9,2,0.0,0.0,3,6,12,2020,50000000,17,0
28,24115,12.0,16,0.0,0.0,3,5,21,2020,10000000,12,0
28,181276,5.5,4,10.0,150.0,7,6,24,2020,10000000,18,3
25,114,-1.0,0,0.0,0.0,3,2,15,2017,10000,11,0
18,1102723,16.0,2,180.0,3350.0,3,6,2,2020,100000000,14,0
15,10,9.2,4,0.0,0.0,16,4,26,2020,1000,11,0
8,820,40.0,2,0.0,0.0,3,7,30,2019,10000,11,0
12,530253,53.0,4,70.0,1700.0,3,6,8,2020,10000000,16,1
27,193026,14.0,10,0.0,0.0,3,2,20,2020,50000000,14,1
34,5525830,-1.0,0,0.0,0.0,3,6,18,2020,100000000,0,1
14,173,29.0,2,0.0,0.0,3,3,1,2019,50000,10,0
14,30817,7.5,4,0.0,0.0,3,5,27,2020,1000000,11,0
30,105013,14.0,4,0.0,0.0,3,6,26,2020,10000000,14,4
14,46,8.0,1,0.0,0.0,3,5,24,2019,5000,14,5
36,1460327,28.0,2,0.0,0.0,12,6,26,2020,100000000,11,1
36,37214,7.1,4,0.0,0.0,12,6,22,2020,1000000,16,1
16,714386,-1.0,4,0.0,0.0,3,5,18,2020,50000000,16,0
15,8216338,-1.0,0,0.0,0.0,12,6,24,2020,100000000,0,0
17,1774865,-1.0,0,0.0,0.0,3,6,25,2020,50000000,0,0
18,8,1.6,2,0.0,0.0,3,2,6,2020,500,10,0
8,61071,9.9,7,0.0,0.0,3,6,18,2020,10000000,11,0
12,72097,27.0,5,0.0,0.0,3,4,24,2020,1000000,11,0
14,728,6.2,2,0.0,0.0,3,11,21,2018,100000,11,0
18,700,2.1,2,0.0,0.0,3,10,23,2018,100000,10,0
29,2985221,20.0,5,130.0,3990.0,3,6,20,2020,100000000,16,3
9,248965,-1.0,0,0.0,0.0,3,3,28,2020,50000000,0,0
3,1317474,80.0,2,55.0,280.0,3,6,23,2020,100000000,14,3
39,253,13.0,2,0.0,0.0,3,11,22,2019,100000,11,0
18,4601,19.0,5,0.0,0.0,3,11,5,2019,1000000,14,0
35,132655,45.0,6,320.0,1600.0,7,3,16,2020,10000000,16,3
35,123265,39.0,9,240.0,890.0,3,3,5,2020,10000000,16,2
39,1679,7.5,18,0.0,0.0,3,5,29,2020,100000,11,0
10,31408,-1.0,4,120.0,7900.0,12,8,2,2019,1000000,10,3
28,182,6.3,2,0.0,0.0,12,6,3,2019,1000,12,0
15,1661,20.0,8,0.0,0.0,3,2,27,2020,1000000,12,2
8,37,31.0,2,0.0,0.0,3,6,24,2020,1000,14,0
31,69322,68.0,4,60.0,1000.0,3,11,6,2019,1000000,11,2
39,671,3.3,2,0.0,0.0,3,9,18,2019,1000000,16,5
25,47,4.3,2,0.0,0.0,3,3,28,2019,5000,16,0
37,5550,46.0,2,0.0,0.0,3,6,26,2020,100000,16,4
12,12232123,-1.0,0,60.0,13000.0,3,6,18,2020,500000000,0,7
4,836221,25.0,9,220.0,690.0,3,6,25,2020,50000000,11,1
34,414,5.8,2,0.0,0.0,3,6,20,2020,100000,14,0
42,1721,10.0,2,0.0,0.0,3,5,28,2020,1000000,11,0
15,23463,16.0,7,0.0,0.0,3,6,23,2020,5000000,14,0
28,22,6.5,7,90.0,1100.0,3,9,25,2019,10000,12,0
28,352,6.5,7,90.0,1100.0,3,9,25,2019,100000,12,0
39,23844,8.4,8,360.0,1150.0,3,6,16,2020,1000000,9,0
30,28560,19.0,6,0.0,0.0,3,11,28,2019,10000000,16,0
41,1924,13.0,6,430.0,1300.0,3,4,1,2020,100000,16,1
28,168,5.6,2,0.0,0.0,3,10,25,2018,50000,9,1
39,1061,13.0,7,0.0,0.0,3,10,29,2019,100000,11,0
6,95583,19.0,4,10.0,5726.49,3,4,24,2020,5000000,14,4
14,293,8.5,5,0.0,0.0,3,4,8,2020,10000,11,0
39,338,81.0,2,0.0,0.0,3,9,28,2018,100000,9,0
11,29,5.3,2,0.0,0.0,3,1,21,2020,100,11,0
14,24725,17.0,2,10.0,10000.0,3,6,26,2020,1000000,14,4
15,561560,92.0,4,60.0,7500.0,3,6,26,2020,10000000,17,1
42,94,25.0,2,0.0,0.0,3,1,2,2020,10000,14,1
30,715016,-1.0,0,330.96,19884.2,3,6,24,2020,50000000,0,3
39,5561,15.0,2,0.0,0.0,3,6,17,2020,100000,16,0
30,49,6.9,2,0.0,0.0,3,12,26,2019,10000,16,0
8,103,1.5,4,0.0,0.0,3,4,20,2019,10000,9,0
14,33418,46.0,5,60.87,390.0,3,9,19,2018,1000000,15,3
12,57,33.0,2,0.0,0.0,3,6,9,2020,1000,18,1
17,167,10.0,4,0.0,0.0,3,6,8,2020,10000,12,0
25,5294,20.0,8,0.0,0.0,3,3,20,2017,100000,13,7
34,7466675,54.0,10,10.0,6939.0,3,6,19,2020,100000000,13,3
30,1158,-1.0,7,0.0,0.0,3,6,24,2020,100000,18,0
30,489,16.0,6,0.0,0.0,3,6,18,2020,10000,18,0
31,85767,-1.0,2,60.0,6200.0,3,5,18,2020,1000000,14,2
28,8048852,20.0,0,29.99,1300.0,12,6,26,2020,100000000,0,3
8,67147,8.7,10,190.0,190.0,3,8,2,2019,5000000,11,0
18,1159277,4.0,2,0.0,0.0,3,5,31,2020,100000000,16,0
15,1922,7.2,4,0.0,0.0,3,5,20,2019,100000,14,1
8,27841,6.1,14,0.0,0.0,3,3,9,2020,1000000,9,0
14,1603,6.3,2,0.0,0.0,3,6,25,2020,100000,16,0
21,1858,89.0,8,0.0,0.0,3,6,16,2020,100000,18,1
12,3460694,-1.0,30,0.0,0.0,3,6,25,2020,100000000,0,6
22,76094,-1.0,0,0.0,0.0,3,6,22,2020,10000000,0,0
39,4277,14.0,4,0.0,0.0,3,7,12,2014,500000,5,0
39,284,203.0,2,0.0,0.0,3,9,16,2014,10000,2,0
12,5371788,-1.0,0,0.0,0.0,12,6,6,2020,500000000,0,1
36,264599,-1.0,0,0.0,0.0,12,5,15,2020,10000000,0,1
42,1386409,-1.0,0,0.0,0.0,3,5,7,2020,100000000,0,0
21,216,1.6,2,0.0,0.0,3,12,11,2019,10000,14,0
42,284359,-1.0,20,0.0,0.0,3,6,19,2020,10000000,16,0
12,1272,6.6,5,0.0,0.0,3,4,30,2020,1000000,14,5
3,38402,36.0,0,30.0,1550.0,12,1,31,2020,5000000,11,3
29,705963,-1.0,2,65.0,1350.0,12,6,16,2020,50000000,14,2
39,225433,7.8,4,120.0,120.0,3,12,4,2019,50000000,11,0
31,3622,2.6,2,131.25,3200.0,3,8,20,2017,100000,9,2
37,127,12.0,2,0.0,0.0,3,2,28,2020,10000,14,0
12,81069,32.0,18,0.0,0.0,3,6,26,2020,5000000,16,0
34,150,13.0,2,0.0,0.0,3,3,9,2020,100000,14,0
8,27,-1.0,0,0.0,0.0,3,9,16,2019,10000,0,0
41,253421,19.0,5,0.0,0.0,3,6,24,2020,10000000,11,0
39,283,24.0,4,0.0,0.0,3,4,2,2020,10000,11,0
14,71,11.0,2,490.0,11700.0,3,3,29,2020,5000,16,3
29,69187,7.7,4,0.0,0.0,3,11,3,2019,10000000,9,2
28,906,69.0,2,0.0,0.0,3,6,12,2020,100000,11,3
39,604178,-1.0,0,0.0,0.0,3,4,14,2020,100000000,0,0
42,749297,27.0,5,330.0,11100.0,3,6,17,2020,50000000,16,2
42,4211,17.0,2,340.0,17100.0,3,6,15,2020,100000,16,3
22,818,12.0,6,0.0,0.0,3,5,25,2020,100000,12,0
29,7660,26.0,2,700.0,700.0,3,5,30,2020,5000000,12,0
39,21,5.0,2,0.0,0.0,3,5,24,2019,1000,20,0
36,3957771,50.0,6,10.0,26000.0,12,6,24,2020,100000000,11,8
6,121581,31.0,4,80.0,17400.0,3,6,5,2020,10000000,11,3
18,585,15.0,4,0.0,0.0,3,5,7,2020,50000,18,0
28,821,1.9,19,0.0,0.0,3,4,18,2020,100000,14,5
27,420,12.0,2,0.0,0.0,3,9,4,2019,10000,10,0
28,570,6.3,2,0.0,0.0,3,10,26,2018,100000,9,1
35,868,141.0,2,320.0,6400.0,3,5,26,2020,10000,14,3
22,4626,5.7,4,0.0,0.0,3,3,4,2020,50000,12,4
14,32,3.7,4,0.0,0.0,3,5,30,2020,1000,10,0
21,9852,1.7,2,0.0,0.0,3,12,17,2016,1000000,10,0
39,689,8.8,7,0.0,0.0,3,6,5,2017,50000,10,0
8,127538,-1.0,0,0.0,0.0,3,4,18,2020,10000000,0,0
14,49,5.6,6,0.0,0.0,3,5,29,2019,5000,16,0
16,309,8.1,4,0.0,0.0,3,5,5,2020,50000,16,0
39,400,3.1,2,270.0,270.0,3,5,23,2020,10000,14,0
29,613420,-1.0,6,0.0,0.0,3,6,4,2020,10000000,11,0
42,482481,9.7,2,0.0,0.0,3,6,24,2020,50000000,17,0
42,315,9.8,4,0.0,0.0,3,6,25,2020,50000,11,0
42,7307800,73.0,5,10.0,10801.8,12,6,24,2020,500000000,11,8
42,220949,16.0,4,97.0,8600.0,12,5,21,2020,50000000,11,4
42,23350,6.3,2,0.0,0.0,3,8,26,2019,10000000,16,0
42,1577,6.6,2,0.0,0.0,3,5,12,2020,500000,13,0
39,116762,17.0,6,50.0,50.0,3,4,17,2020,10000000,14,0
29,2126931,-1.0,0,53.01,650.0,12,6,26,2020,100000000,0,1
14,6221,6.1,4,0.0,0.0,3,7,11,2017,500000,10,0
12,10922,5.7,4,430.0,13800.0,18,12,5,2019,5000000,11,7
28,127,11.0,2,0.0,0.0,3,7,5,2019,50000,9,0
